id,title,Action,Adventure,Animation and Modeling,Audio Production,Casual,Design and Illustration,Early Access,Education,Free to Play,Indie,Massively Multiplayer,Photo Editing,RPG,Racing,Simulation,Software Training,Sports,Strategy,Utilities,Video Production,Web Publishing,recommend,sentiment_analysis
70,Half-Life,1,0,0,0,0,0,0,0,0,0,0,0,0,0,0,0,0,0,0,0,0,True,2
1630,Disciples II: Rise of the Elves,0,0,0,0,0,0,0,0,0,0,0,0,0,0,0,0,0,1,0,0,0,True,2
2400,The Ship: Murder Party,1,0,0,0,0,0,0,0,0,1,0,0,1,0,0,0,0,0,0,0,0,False,1
3800,Advent Rising,1,0,0,0,0,0,0,0,0,0,0,0,0,0,0,0,0,0,0,0,0,True,2
1520,DEFCON,0,0,0,0,0,0,0,0,0,1,0,0,0,0,0,0,0,1,0,0,0,True,2
4000,Garry's Mod,0,0,0,0,0,0,0,0,0,1,0,0,0,0,1,0,0,0,0,0,0,True,0
211820,Starbound,1,1,0,0,1,0,0,0,0,1,0,0,1,0,0,0,0,0,0,0,0,True,1
4230,RACE - The WTCC Game,0,0,0,0,0,0,0,0,0,0,0,0,0,1,0,0,0,0,0,0,0,True,1
6200,Ghost Master®,0,0,0,0,0,0,0,0,0,0,0,0,0,0,0,0,0,1,0,0,0,True,2
6210,Vegas: Make It Big™,0,0,0,0,0,0,0,0,0,0,0,0,0,0,0,0,0,1,0,0,0,True,2
6300,Dreamfall: The Longest Journey,0,1,0,0,0,0,0,0,0,0,0,0,1,0,0,0,0,0,0,0,0,False,1
2990,FlatOut 2™,0,0,0,0,0,0,0,0,0,0,0,0,0,1,0,0,0,0,0,0,0,True,2
6220,FlatOut,0,0,0,0,0,0,0,0,0,0,0,0,0,1,0,0,0,0,0,0,0,True,2
6510,Lost Planet™: Extreme Condition,1,1,0,0,0,0,0,0,0,0,0,0,0,0,0,0,0,0,0,0,0,True,1
1700,Arx Fatalis,0,0,0,0,0,0,0,0,0,0,0,0,1,0,0,0,0,0,0,0,0,True,2
6310,The Longest Journey,1,1,0,0,0,0,0,0,0,0,0,0,1,0,0,0,0,0,0,0,0,True,1
7600,Sid Meier's Railroads!,0,0,0,0,0,0,0,0,0,0,0,0,0,0,0,0,0,1,0,0,0,True,2
7650,X-COM: Terror From the Deep,0,0,0,0,0,0,0,0,0,0,0,0,0,0,0,0,0,1,0,0,0,True,2
8000,Tomb Raider: Anniversary,1,1,0,0,0,0,0,0,0,0,0,0,0,0,0,0,0,0,0,0,0,False,1
6550,Devil May Cry® 3 Special Edition,1,0,0,0,0,0,0,0,0,0,0,0,0,0,0,0,0,0,0,0,0,True,2
2280,Ultimate Doom,1,0,0,0,0,0,0,0,0,0,0,0,0,0,0,0,0,0,0,0,0,True,1
2300,DOOM II,1,0,0,0,0,0,0,0,0,0,0,0,0,0,0,0,0,0,0,0,0,False,0
2270,Wolfenstein 3D,1,0,0,0,0,0,0,0,0,0,0,0,0,0,0,0,0,0,0,0,0,True,2
9010,Return to Castle Wolfenstein,1,0,0,0,0,0,0,0,0,0,0,0,0,0,0,0,0,0,0,0,0,False,0
3810,BloodRayne,1,0,0,0,0,0,0,0,0,0,0,0,0,0,0,0,0,0,0,0,0,True,2
2310,QUAKE,1,0,0,0,0,0,0,0,0,0,0,0,0,0,0,0,0,0,0,0,0,True,2
7670,BioShock™,1,0,0,0,0,0,0,0,0,0,0,0,1,0,0,0,0,0,0,0,0,True,1
4570,"Warhammer® 40,000: Dawn of War® - Game of the Year Edition",0,0,0,0,0,0,0,0,0,0,0,0,0,0,0,0,0,1,0,0,0,True,1
4580,"Warhammer® 40,000: Dawn of War® - Dark Crusade",0,0,0,0,0,0,0,0,0,0,0,0,0,0,0,0,0,1,0,0,0,True,0
4760,Rome: Total War™ - Collection,0,0,0,0,0,0,0,0,0,0,0,0,0,0,0,0,0,1,0,0,0,True,2
4770,Rome: Total War™ - Alexander,0,0,0,0,0,0,0,0,0,0,0,0,0,0,0,0,0,1,0,0,0,True,2
12160,Midnight Club 2,0,0,0,0,0,0,0,0,0,0,0,0,0,1,0,0,0,0,0,0,0,True,2
7000,Tomb Raider: Legend,1,1,0,0,0,0,0,0,0,0,0,0,0,0,0,0,0,0,0,0,0,True,0
12140,Max Payne,1,0,0,0,0,0,0,0,0,0,0,0,0,0,0,0,0,0,0,0,0,True,2
17480,Command &amp; Conquer: Red Alert 3,0,0,0,0,0,0,0,0,0,0,0,0,0,0,0,0,0,1,0,0,0,True,2
12510,Prison Tycoon 3™: Lockdown,0,0,0,0,0,0,0,0,0,0,0,0,0,0,0,0,0,1,0,0,0,True,2
2780,ARMA: Combat Operations,1,0,0,0,0,0,0,0,0,0,0,0,0,0,0,0,0,0,0,0,0,True,2
2700,RollerCoaster Tycoon® 3: Platinum,0,0,0,0,0,0,0,0,0,0,0,0,0,0,1,0,0,1,0,0,0,False,2
13200,Unreal 2: The Awakening,1,0,0,0,0,0,0,0,0,0,0,0,0,0,0,0,0,0,0,0,0,True,2
13520,Far Cry®,1,0,0,0,0,0,0,0,0,0,0,0,0,0,0,0,0,0,0,0,0,True,2
13240,Unreal Tournament: Game of the Year Edition,1,0,0,0,0,0,0,0,0,0,0,0,0,0,0,0,0,0,0,0,0,True,1
15960,Little Farm,0,0,0,0,1,0,0,0,0,0,0,0,0,0,0,0,0,0,0,0,0,True,2
15200,Silent Hunter®: Wolves of the Pacific,0,0,0,0,0,0,0,0,0,0,0,0,0,0,1,0,0,0,0,0,0,True,1
11040,Sherlock Holmes - Nemesis,0,1,0,0,0,0,0,0,0,0,0,0,1,0,0,0,0,0,0,0,0,True,2
15710,Oddworld: Abe's Exoddus®,0,1,0,0,0,0,0,0,0,0,0,0,0,0,0,0,0,0,0,0,0,True,2
15700,Oddworld: Abe's Oddysee®,0,1,0,0,0,0,0,0,0,0,0,0,0,0,0,0,0,0,0,0,0,False,0
7760,X-COM: UFO Defense,0,0,0,0,0,0,0,0,0,0,0,0,0,0,0,0,0,1,0,0,0,True,2
20510,S.T.A.L.K.E.R.: Clear Sky,1,0,0,0,0,0,0,0,0,0,0,0,1,0,0,0,0,0,0,0,0,True,1
17300,Crysis,1,0,0,0,0,0,0,0,0,0,0,0,0,0,0,0,0,0,0,0,0,True,2
20900,The Witcher: Enhanced Edition Director's Cut,1,0,0,0,0,0,0,0,0,0,0,0,1,0,0,0,0,0,0,0,0,True,2
1530,Multiwinia,0,0,0,0,0,0,0,0,0,1,0,0,0,0,0,0,0,0,0,0,0,True,0
21000,LEGO Batman,1,1,0,0,0,0,0,0,0,0,0,0,0,0,0,0,0,0,0,0,0,True,2
3540,Peggle™ Nights,0,0,0,0,1,0,0,0,0,0,0,0,0,0,0,0,0,0,0,0,0,True,0
22000,World of Goo,0,0,0,0,0,0,0,0,0,1,0,0,0,0,0,0,0,0,0,0,0,True,2
2820,X3: Terran Conflict,1,0,0,0,0,0,0,0,0,0,0,0,0,0,1,0,0,1,0,0,0,True,2
12200,Bully: Scholarship Edition,1,1,0,0,0,0,0,0,0,0,0,0,0,0,0,0,0,0,0,0,0,True,2
19900,Far Cry® 2: Fortune's Edition,1,0,0,0,0,0,0,0,0,0,0,0,0,0,0,0,0,0,0,0,0,True,0
11240,Space Trader: Merchant Marine,1,0,0,0,0,0,0,0,0,1,0,0,0,0,0,0,0,1,0,0,0,True,0
9480,Saints Row 2,1,0,0,0,0,0,0,0,0,0,0,0,0,0,0,0,0,0,0,0,0,True,2
17470,Dead Space,1,0,0,0,0,0,0,0,0,0,0,0,0,0,0,0,0,0,0,0,0,True,1
12770,Rise of the Argonauts,0,0,0,0,0,0,0,0,0,0,0,0,1,0,0,0,0,0,0,0,0,True,2
17410,Mirror's Edge™,1,1,0,0,0,0,0,0,0,0,0,0,0,0,0,0,0,0,0,0,0,True,2
18500,Defense Grid: The Awakening,0,0,0,0,0,0,0,0,0,1,0,0,0,0,0,0,0,1,0,0,0,True,2
16450,F.E.A.R. 2: Project Origin,1,0,0,0,0,0,0,0,0,0,0,0,0,0,0,0,0,0,0,0,0,False,2
11340,Larva Mortus,1,0,0,0,0,0,0,0,0,1,0,0,0,0,0,0,0,0,0,0,0,True,1
13210,Unreal Tournament 3 Black,1,0,0,0,0,0,0,0,0,0,0,0,0,0,0,0,0,0,0,0,0,True,2
24740,Burnout Paradise: The Ultimate Box,0,0,0,0,0,0,0,0,0,0,0,0,0,1,0,0,0,0,0,0,0,True,1
11330,Obulis,0,0,0,0,1,0,0,0,0,1,0,0,0,0,0,0,0,0,0,0,0,True,0
1930,Two Worlds Epic Edition,0,0,0,0,0,0,0,0,0,0,0,0,1,0,0,0,0,0,0,0,0,True,2
7510,X-Blades,1,1,0,0,0,0,0,0,0,0,0,0,1,0,0,0,0,0,0,0,0,True,2
22200,Zeno Clash,1,0,0,0,0,0,0,0,0,1,0,0,0,0,0,0,0,0,0,0,0,True,2
25900,King's Bounty: The Legend,0,0,0,0,0,0,0,0,0,0,0,0,1,0,0,0,0,1,0,0,0,False,0
34500,Light of Altair,0,0,0,0,0,0,0,0,0,1,0,0,0,0,1,0,0,1,0,0,0,True,2
10150,Prototype™,1,1,0,0,0,0,0,0,0,0,0,0,0,0,0,0,0,0,0,0,0,True,2
22330,The Elder Scrolls IV: Oblivion® Game of the Year Edition,0,0,0,0,0,0,0,0,0,0,0,0,1,0,0,0,0,0,0,0,0,True,2
22320,The Elder Scrolls III: Morrowind® Game of the Year Edition,0,0,0,0,0,0,0,0,0,0,0,0,1,0,0,0,0,0,0,0,0,True,2
21660,Street Fighter® IV,1,0,0,0,0,0,0,0,0,0,0,0,0,0,0,0,0,0,0,0,0,True,2
6060,"Star Wars: Battlefront 2 (Classic, 2005)",1,0,0,0,0,0,0,0,0,0,0,0,0,0,0,0,0,0,0,0,0,True,1
32330,LEGO® Indiana Jones™: The Original Adventures,1,1,0,0,0,0,0,0,0,0,0,0,0,0,0,0,0,0,0,0,0,True,0
21680,Bionic Commando: Rearmed,1,0,0,0,0,0,0,0,0,0,0,0,0,0,0,0,0,0,0,0,0,True,1
36000,Foreign Legion: Buckets of Blood,1,0,0,0,0,0,0,0,0,1,0,0,0,0,0,0,0,0,0,0,0,True,1
32370,STAR WARS™ - Knights of the Old Republic™,0,1,0,0,0,0,0,0,0,0,0,0,1,0,0,0,0,0,0,0,0,True,1
37400,"Time Gentlemen, Please! and Ben There, Dan That! Special Edition  Double Pack",0,1,0,0,0,0,0,0,0,1,0,0,0,0,0,0,0,0,0,0,0,True,1
35000,Mini Ninjas,1,1,0,0,0,0,0,0,0,0,0,0,0,0,0,0,0,0,0,0,0,True,2
40300,Risen,0,0,0,0,0,0,0,0,0,0,0,0,1,0,0,0,0,0,0,0,0,False,0
40700,Machinarium,0,1,0,0,0,0,0,0,0,1,0,0,0,0,0,0,0,0,0,0,0,True,2
41500,Torchlight,0,0,0,0,0,0,0,0,0,0,0,0,1,0,0,0,0,0,0,0,0,True,2
24800,Command &amp; Conquer: Red Alert 3 - Uprising,0,0,0,0,0,0,0,0,0,0,0,0,0,0,0,0,0,1,0,0,0,True,2
17450,Dragon Age: Origins,0,0,0,0,0,0,0,0,0,0,0,0,1,0,0,0,0,0,0,0,0,True,2
10180,Call of Duty®: Modern Warfare® 2,1,0,0,0,0,0,0,0,0,0,0,0,0,0,0,0,0,0,0,0,0,True,1
32440,LEGO® Star Wars™ - The Complete Saga,0,1,0,0,0,0,0,0,0,0,0,0,0,0,0,0,0,0,0,0,0,True,2
11450,Overlord™,0,0,0,0,0,0,0,0,0,0,0,0,1,0,0,0,0,0,0,0,0,True,2
24790,Command &amp; Conquer 3: Tiberium Wars,0,0,0,0,0,0,0,0,0,0,0,0,0,0,0,0,0,1,0,0,0,True,2
22370,Fallout 3: Game of the Year Edition,0,0,0,0,0,0,0,0,0,0,0,0,1,0,0,0,0,0,0,0,0,True,2
46410,Avencast: Rise of the Mage,1,0,0,0,0,0,0,0,0,1,0,0,1,0,0,0,0,0,0,0,0,True,2
48700,Mount &amp; Blade: Warband,1,0,0,0,0,0,0,0,0,0,0,0,1,0,0,0,0,0,0,0,0,True,2
42120,Lead and Gold: Gangs of the Wild West,1,0,0,0,0,0,0,0,0,0,0,0,0,0,0,0,0,0,0,0,0,True,1
12220,Grand Theft Auto: Episodes from Liberty City,1,0,0,0,0,0,0,0,0,0,0,0,0,0,0,0,0,0,0,0,0,True,1
45400,Fortix,0,0,0,0,0,0,0,0,0,1,0,0,0,0,0,0,0,0,0,0,0,True,2
49600,Beat Hazard,1,0,0,0,1,0,0,0,0,1,0,0,0,0,0,0,0,0,0,0,0,True,2
40930,The Misadventures of P.B. Winterbottom,0,1,0,0,0,0,0,0,0,1,0,0,0,0,0,0,0,0,0,0,0,True,2
39630,AquaNox,1,0,0,0,0,0,0,0,0,0,0,0,0,0,0,0,0,0,0,0,0,True,1
33650,Puzzler World,0,0,0,0,1,0,0,0,0,0,0,0,0,0,0,0,0,0,0,0,0,True,2
34270,SEGA Mega Drive and Genesis Classics,1,1,0,0,1,0,0,0,0,0,0,0,1,0,0,0,0,0,0,0,0,True,0
34010,Alpha Protocol™,1,0,0,0,0,0,0,0,0,0,0,0,1,0,0,0,0,0,0,0,0,True,0
22610,Alien Breed: Impact,1,0,0,0,0,0,0,0,0,0,0,0,0,0,0,0,0,0,0,0,0,False,1
24780,SimCity™ 4 Deluxe Edition,0,0,0,0,0,0,0,0,0,0,0,0,0,0,1,0,0,1,0,0,0,True,2
50130,Mafia II,1,0,0,0,0,0,0,0,0,0,0,0,0,0,0,0,0,0,0,0,0,True,2
47540,Puzzle Quest 2,0,0,0,0,1,0,0,0,0,0,0,0,1,0,0,0,0,0,0,0,0,True,2
22600,Worms Reloaded,0,0,0,0,0,0,0,0,0,0,0,0,0,0,0,0,0,1,0,0,0,True,2
42960,Victoria II,0,0,0,0,0,0,0,0,0,0,0,0,0,0,0,0,0,1,0,0,0,True,2
57300,Amnesia: The Dark Descent,1,1,0,0,0,0,0,0,0,1,0,0,0,0,0,0,0,0,0,0,0,True,2
70400,Recettear: An Item Shop's Tale,0,0,0,0,0,0,0,0,0,1,0,0,1,0,0,0,0,0,0,0,0,False,2
70100,Hacker Evolution,0,0,0,0,0,0,0,0,0,0,0,0,0,0,1,0,0,0,0,0,0,True,0
8930,Sid Meier's Civilization® V,0,0,0,0,0,0,0,0,0,0,0,0,0,0,0,0,0,1,0,0,0,True,1
50620,Darksiders™,1,1,0,0,0,0,0,0,0,0,0,0,0,0,0,0,0,0,0,0,0,True,2
57800,Doc Clock: The Toasted Sandwich of Time,0,1,0,0,1,0,0,0,0,1,0,0,0,0,0,0,0,0,0,0,0,True,2
22380,Fallout: New Vegas,1,0,0,0,0,0,0,0,0,0,0,0,1,0,0,0,0,0,0,0,0,True,1
6120,Shank,1,0,0,0,0,0,0,0,0,1,0,0,0,0,0,0,0,0,0,0,0,True,2
32500,STAR WARS™: The Force Unleashed™ II,1,0,0,0,0,0,0,0,0,0,0,0,0,0,0,0,0,0,0,0,0,True,2
42700,Call of Duty®: Black Ops,1,0,0,0,0,0,0,0,0,0,0,0,0,0,0,0,0,0,0,0,0,True,2
15740,Oddworld: Munch's Oddysee,1,1,0,0,0,0,0,0,0,0,0,0,0,0,0,0,0,1,0,0,0,True,0
12100,Grand Theft Auto III,1,0,0,0,0,0,0,0,0,0,0,0,0,0,0,0,0,0,0,0,0,True,2
12120,Grand Theft Auto: San Andreas,1,0,0,0,0,0,0,0,0,0,0,0,0,0,0,0,0,0,0,0,0,True,2
47780,Dead Space™ 2,1,0,0,0,0,0,0,0,0,0,0,0,0,0,0,0,0,0,0,0,0,True,2
63200,Monday Night Combat,1,0,0,0,0,0,0,0,0,1,0,0,0,0,0,0,1,1,0,0,0,True,2
47890,The Sims™ 3,0,0,0,0,0,0,0,0,0,0,0,0,0,0,1,0,0,0,0,0,0,True,2
7520,Two Worlds II HD,0,0,0,0,0,0,0,0,0,0,0,0,1,0,0,0,0,0,0,0,0,True,2
9930,Test Drive Unlimited 2,0,0,0,0,0,0,0,0,0,0,0,0,0,1,0,0,0,0,0,0,0,True,2
91200,Anomaly: Warzone Earth,1,0,0,0,0,0,0,0,0,1,0,0,0,0,0,0,0,1,0,0,0,True,1
70000,Dino D-Day,1,0,0,0,0,0,0,0,0,1,0,0,0,0,0,0,0,0,0,0,0,True,1
620,Portal 2,1,1,0,0,0,0,0,0,0,0,0,0,0,0,0,0,0,0,0,0,0,True,0
220,Half-Life 2,1,0,0,0,0,0,0,0,0,0,0,0,0,0,0,0,0,0,0,0,0,True,1
91600,Sanctum,1,0,0,0,1,0,0,0,0,1,0,0,0,0,0,0,0,1,0,0,0,True,2
39160,Dungeon Siege III,1,0,0,0,0,0,0,0,0,0,0,0,1,0,0,0,0,0,0,0,0,True,2
57900,Duke Nukem Forever,1,0,0,0,0,0,0,0,0,0,0,0,0,0,0,0,0,0,0,0,0,True,2
102700,A.V.A. Alliance of Valiant Arms™,1,0,0,0,0,0,0,0,1,0,0,0,0,0,0,0,0,0,0,0,0,True,2
21100,F.E.A.R. 3,1,0,0,0,0,0,0,0,0,0,0,0,0,0,0,0,0,0,0,0,0,True,2
65790,ARMA: Cold War Assault,1,0,0,0,0,0,0,0,0,0,0,0,0,0,1,0,0,1,0,0,0,True,2
57690,Tropico 4,0,0,0,0,0,0,0,0,0,0,0,0,0,0,1,0,0,1,0,0,0,True,1
107200,Space Pirates and Zombies,1,0,0,0,0,0,0,0,0,1,0,0,1,0,0,0,0,1,0,0,0,True,0
55150,"Warhammer 40,000: Space Marine",1,0,0,0,0,0,0,0,0,0,0,0,0,0,0,0,0,0,0,0,0,True,2
22230,Rock of Ages,1,0,0,0,0,0,0,0,0,1,0,0,0,1,0,0,0,1,0,0,0,True,1
35450,Red Orchestra 2: Heroes of Stalingrad with Rising Storm,1,0,0,0,0,0,0,0,0,0,1,0,0,0,1,0,0,0,0,0,0,True,1
111400,Bunch of Heroes,1,0,0,0,0,0,0,0,0,1,0,0,0,0,0,0,0,0,0,0,0,True,2
113200,The Binding of Isaac,1,1,0,0,0,0,0,0,0,1,0,0,1,0,0,0,0,0,0,0,0,True,2
9350,Supreme Commander,0,0,0,0,0,0,0,0,0,0,0,0,0,0,0,0,0,1,0,0,0,True,2
71340,Sonic Generations Collection,1,0,0,0,0,0,0,0,0,0,0,0,0,0,0,0,0,0,0,0,0,True,2
110800,L.A. Noire,0,1,0,0,0,0,0,0,0,0,0,0,0,0,0,0,0,1,0,0,0,True,2
202200,Galactic Civilizations® II: Ultimate Edition,0,0,0,0,0,0,0,0,0,0,0,0,0,0,0,0,0,1,0,0,0,True,2
113400,APB Reloaded,1,0,0,0,0,0,0,0,1,0,1,0,0,0,0,0,0,0,0,0,0,True,2
204030,Fable - The Lost Chapters,1,1,0,0,0,0,0,0,0,0,0,0,1,0,0,0,0,0,0,0,0,True,2
204340,Serious Sam 2,1,0,0,0,0,0,0,0,0,1,0,0,0,0,0,0,0,0,0,0,0,True,1
9900,Star Trek Online,0,0,0,0,0,0,0,0,1,0,1,0,1,0,0,0,0,0,0,0,0,True,2
108710,Alan Wake,1,1,0,0,0,0,0,0,0,0,0,0,0,0,0,0,0,0,0,0,0,True,2
200210,Realm of the Mad God,1,0,0,0,0,0,0,0,1,1,1,0,1,0,0,0,0,0,0,0,0,True,2
207250,Cubemen,0,0,0,0,0,0,0,0,0,1,0,0,0,0,0,0,0,1,0,0,0,False,0
204180,Waveform,0,1,0,0,0,0,0,0,0,1,0,0,0,0,0,0,0,1,0,0,0,True,2
212500,The Lord of the Rings Online™,0,0,0,0,0,0,0,0,1,0,1,0,1,0,0,0,0,0,0,0,0,True,0
213030,Penny Arcade's On the Rain-Slick Precipice of Darkness 3,0,0,0,0,0,0,0,0,0,1,0,0,1,0,0,0,0,0,0,0,0,True,2
212630,Tom Clancy's Ghost Recon: Future Soldier™,1,0,0,0,0,0,0,0,0,0,0,0,0,0,0,0,0,0,0,0,0,True,2
17080,Tribes: Ascend,1,0,0,0,0,0,0,0,1,0,0,0,0,0,0,0,0,0,0,0,0,True,1
108700,Death Rally,1,0,0,0,0,0,0,0,0,0,0,0,0,1,0,0,0,0,0,0,0,False,0
209270,Hero Academy,0,0,0,0,0,0,0,0,0,1,0,0,0,0,0,0,0,1,0,0,0,True,2
730,Counter-Strike: Global Offensive,1,0,0,0,0,0,0,0,0,0,0,0,0,0,0,0,0,0,0,0,0,True,2
205950,Jet Set Radio,1,0,0,0,0,0,0,0,0,0,0,0,0,0,0,0,0,0,0,0,0,True,2
208200,Doom 3: BFG Edition,1,0,0,0,0,0,0,0,0,0,0,0,0,0,0,0,0,0,0,0,0,True,2
205190,Rocksmith™,0,0,0,0,1,0,0,0,0,0,0,0,0,0,1,0,0,0,0,0,0,True,2
219150,Hotline Miami,1,0,0,0,0,0,0,0,0,1,0,0,0,0,0,0,0,0,0,0,0,True,2
209080,Guns of Icarus Online,1,1,0,0,0,0,0,0,0,1,0,0,0,0,1,0,0,0,0,0,0,True,2
202970,Call of Duty®: Black Ops II,1,0,0,0,0,0,0,0,0,0,0,0,0,0,0,0,0,0,0,0,0,True,2
221040,Resident Evil 6 / Biohazard 6,1,1,0,0,0,0,0,0,0,0,0,0,0,0,0,0,0,0,0,0,0,True,1
233720,Surgeon Simulator,1,0,0,0,0,0,0,0,0,1,0,0,0,0,1,0,0,0,0,0,0,True,2
210770,Sanctum 2,1,0,0,0,0,0,0,0,0,1,0,0,0,0,0,0,0,1,0,0,0,True,2
222730,Reus,0,0,0,0,0,0,0,0,0,1,0,0,0,0,1,0,0,1,0,0,0,True,1
236290,Cranky Cat,0,0,0,0,1,0,0,0,0,0,0,0,0,0,0,0,0,0,0,0,0,True,2
239660,Soldier Front 2,1,0,0,0,0,0,0,0,1,0,0,0,0,0,0,0,0,0,0,0,0,True,2
226720,LOST PLANET® 3,1,0,0,0,0,0,0,0,0,0,0,0,0,0,0,0,0,0,0,0,0,True,2
239820,Game Dev Tycoon,0,0,0,0,1,0,0,0,0,1,0,0,0,0,1,0,0,1,0,0,0,True,0
249870,Scribblenauts Unmasked: A DC Comics Adventure,1,1,0,0,1,0,0,0,0,0,0,0,0,0,0,0,0,1,0,0,0,True,2
220260,Farming Simulator 2013 Titanium Edition,0,0,0,0,1,0,0,0,0,0,0,0,0,0,1,0,0,0,0,0,0,True,2
238430,Contagion,1,1,0,0,0,0,0,0,0,1,0,0,0,0,0,0,0,0,0,0,0,True,0
109600,Neverwinter,1,1,0,0,0,0,0,0,1,0,1,0,1,0,0,0,0,0,0,0,0,True,2
222880,Insurgency,1,0,0,0,0,0,0,0,0,1,0,0,0,0,0,0,0,1,0,0,0,True,2
258760,Scania Truck Driving Simulator,0,0,0,0,0,0,0,0,0,1,0,0,0,0,1,0,0,0,0,0,0,True,2
293320,Coma: Mortuary,0,1,0,0,0,0,0,0,0,1,0,0,0,0,0,0,0,0,0,0,0,True,2
248570,Toribash,1,0,0,0,0,0,0,0,1,1,0,0,0,0,0,0,0,1,0,0,0,True,0
247730,Nether: Resurrected,1,0,0,0,0,0,0,0,0,1,1,0,1,0,1,0,0,0,0,0,0,False,2
270570,Reversion - The Escape (1st Chapter),0,1,0,0,0,0,0,0,0,1,0,0,0,0,0,0,0,0,0,0,0,True,2
291480,Warface,1,0,0,0,0,0,0,0,1,0,1,0,0,0,0,0,0,0,0,0,0,True,2
255420,Magic 2015 - Duels of the Planeswalkers,0,0,0,0,0,0,0,0,0,0,0,0,0,0,0,0,0,1,0,0,0,True,2
262850,The Journey Down: Chapter Two,0,1,0,0,0,0,0,0,0,1,0,0,0,0,0,0,0,0,0,0,0,True,1
290730,My Lands: Black Gem Hunting,0,0,0,0,1,0,0,0,1,1,1,0,0,0,0,0,0,1,0,0,0,True,2
302830,BLOCKADE 3D,1,0,0,0,0,0,1,0,1,0,0,0,0,0,0,0,0,0,0,0,0,True,1
339610,Freestyle 2: Street Basketball,1,0,0,0,1,0,0,0,1,0,1,0,0,0,0,0,1,0,0,0,0,True,2
252950,Rocket League®,1,0,0,0,0,0,0,0,0,1,0,0,0,1,0,0,1,0,0,0,0,True,2
293260,Card Hunter,0,0,0,0,0,0,0,0,1,0,0,0,1,0,0,0,0,1,0,0,0,True,2
24010,Train Simulator,0,0,0,0,0,0,0,0,0,0,0,0,0,0,1,0,0,0,0,0,0,False,0
233450,Prison Architect,0,0,0,0,0,0,0,0,0,1,0,0,0,0,1,0,0,1,0,0,0,True,1
96100,Defy Gravity Extended,1,0,0,0,1,0,0,0,0,1,0,0,0,0,0,0,0,0,0,0,0,True,2
310370,The Way of Life Free Edition,0,0,0,0,0,0,0,0,1,1,0,0,0,0,0,0,0,0,0,0,0,True,2
227940,Heroes &amp; Generals,1,0,0,0,0,0,0,0,1,1,1,0,0,0,0,0,0,0,0,0,0,True,2
236110,Dungeon Defenders II,1,0,0,0,0,0,0,0,1,1,0,0,1,0,0,0,0,1,0,0,0,False,0
301520,Robocraft,1,0,0,0,0,0,0,0,1,1,1,0,1,0,1,0,0,0,0,0,0,True,2
304930,Unturned,1,1,0,0,1,0,0,0,1,1,0,0,0,0,0,0,0,0,0,0,0,True,1
298240,Red Crucible®: Firestorm,1,0,0,0,1,0,0,0,1,1,0,0,0,0,1,0,0,0,0,0,0,True,2
287980,Mini Metro,0,0,0,0,0,0,0,0,0,1,0,0,0,0,1,0,0,1,0,0,0,True,2
38400,Fallout: A Post Nuclear Role Playing Game,0,0,0,0,0,0,0,0,0,0,0,0,1,0,0,0,0,0,0,0,0,True,1
304050,Trove,1,1,0,0,1,0,0,0,1,0,1,0,1,0,0,0,0,0,0,0,0,True,2
333930,Dirty Bomb®,1,0,0,0,0,0,0,0,1,0,0,0,0,0,0,0,0,0,0,0,0,True,2
264380,Narcissu 1st &amp; 2nd,0,0,0,0,0,0,0,0,0,1,0,0,0,0,0,0,0,0,0,0,0,True,2
220200,Kerbal Space Program,0,0,0,0,0,0,0,0,0,1,0,0,0,0,1,0,0,0,0,0,0,True,2
326460,ShellShock Live,1,0,0,0,1,0,1,0,0,1,1,0,0,0,0,0,0,1,0,0,0,True,2
297000,Heroes® of Might &amp; Magic® III - HD Edition,0,0,0,0,0,0,0,0,0,0,0,0,1,0,0,0,0,1,0,0,0,True,2
204630,Retro City Rampage™ DX,1,1,0,0,0,0,0,0,0,1,0,0,0,1,0,0,0,0,0,0,0,True,2
282440,Quake Live™,1,0,0,0,0,0,0,0,0,0,0,0,0,0,0,0,0,0,0,0,0,True,2
257730,Infinity Wars: Animated Trading Card Game,0,0,0,0,0,0,0,0,1,1,1,0,0,0,0,0,0,1,0,0,0,True,1
319510,Five Nights at Freddy's,0,0,0,0,0,0,0,0,0,1,0,0,0,0,1,0,0,0,0,0,0,True,2
298260,Only If,0,1,0,0,0,0,0,0,1,1,0,0,0,0,0,0,0,0,0,0,0,True,2
268420,Aura Kingdom,0,1,0,0,1,0,0,0,1,0,1,0,1,0,0,0,0,0,0,0,0,True,2
224600,Defiance,1,0,0,0,0,0,0,0,1,0,1,0,1,0,0,0,0,0,0,0,0,True,2
262410,World of Guns: Gun Disassembly,0,0,0,0,0,0,0,0,1,1,0,0,0,0,1,0,0,0,0,0,0,True,0
242720,GunZ 2: The Second Duel,1,0,0,0,0,0,0,0,1,1,0,0,0,0,0,0,0,0,0,0,0,True,1
207230,ArcheBlade™,1,0,0,0,0,0,0,0,1,1,0,0,0,0,0,0,0,0,0,0,0,True,0
286080,Thinking with Time Machine,1,1,0,0,0,0,0,0,1,1,0,0,0,0,0,0,0,0,0,0,0,True,2
265930,Goat Simulator,0,0,0,0,1,0,0,0,0,1,0,0,0,0,1,0,0,0,0,0,0,True,2
281370,Real Horror Stories Ultimate Edition,0,0,0,0,0,0,0,0,0,1,0,0,0,0,0,0,0,0,0,0,0,True,2
209160,Call of Duty®: Ghosts,1,0,0,0,0,0,0,0,0,0,0,0,0,0,0,0,0,0,0,0,0,True,2
213670,South Park™: The Stick of Truth™,1,1,0,0,0,0,0,0,0,0,0,0,1,0,0,0,0,0,0,0,0,True,2
267530,The LEGO® Movie - Videogame,1,1,0,0,0,0,0,0,0,0,0,0,0,0,0,0,0,0,0,0,0,True,2
208090,Loadout,1,0,0,0,0,0,0,0,1,1,0,0,0,0,0,0,0,0,0,0,0,True,2
252150,Grimm,0,0,0,0,1,0,0,0,0,1,0,0,0,0,0,0,0,0,0,0,0,True,2
221100,DayZ,1,0,0,0,0,0,1,0,0,1,1,0,0,0,0,0,0,0,0,0,0,True,2
252490,Rust,1,1,0,0,0,0,1,0,0,1,1,0,1,0,0,0,0,0,0,0,0,True,2
218130,Dungeonland,1,0,0,0,1,0,0,0,1,0,0,0,0,0,0,0,0,0,0,0,0,True,2
224260,No More Room in Hell,1,0,0,0,0,0,0,0,1,1,0,0,0,0,0,0,0,0,0,0,0,True,2
40950,Stronghold HD,0,0,0,0,0,0,0,0,0,0,0,0,0,0,1,0,0,1,0,0,0,True,2
249130,LEGO® Marvel™ Super Heroes,1,1,0,0,0,0,0,0,0,0,0,0,0,0,0,0,0,0,0,0,0,True,2
209000,Batman™: Arkham Origins,1,1,0,0,0,0,0,0,0,0,0,0,0,0,0,0,0,0,0,0,0,True,0
107410,Arma 3,1,0,0,0,0,0,0,0,0,0,0,0,0,0,1,0,0,1,0,0,0,True,0
246740,Huntsman: The Orphanage (Halloween Edition),1,1,0,0,0,0,0,0,0,1,0,0,0,0,0,0,0,0,0,0,0,True,1
214950,Total War™: ROME II - Emperor Edition,0,0,0,0,0,0,0,0,0,0,0,0,0,0,0,0,0,1,0,0,0,True,2
206420,Saints Row IV,1,1,0,0,0,0,0,0,0,0,0,0,0,0,0,0,0,0,0,0,0,True,1
239030,"Papers, Please",0,1,0,0,0,0,0,0,0,1,0,0,0,0,0,0,0,0,0,0,0,True,2
236090,Dust: An Elysian Tail,1,1,0,0,0,0,0,0,0,1,0,0,1,0,0,0,0,0,0,0,0,True,2
206190,Gunpoint,1,0,0,0,0,0,0,0,0,1,0,0,0,0,0,0,0,1,0,0,0,True,2
231060,Ragnarok Online 2,0,0,0,0,0,0,0,0,1,0,1,0,1,0,0,0,0,0,0,0,0,True,2
113020,Monaco: What's Yours Is Mine,1,1,0,0,1,0,0,0,0,1,0,0,0,0,0,0,0,1,0,0,0,True,2
223710,Cry of Fear,1,1,0,0,0,0,0,0,0,1,0,0,0,0,0,0,0,0,0,0,0,True,0
104900,ORION: Prelude,1,1,0,0,0,0,0,0,0,1,0,0,1,0,0,0,0,0,0,0,0,True,2
230410,Warframe,1,0,0,0,0,0,0,0,1,0,0,0,0,0,0,0,0,0,0,0,0,True,2
228760,TrackMania² Canyon,0,0,0,0,0,0,0,0,0,0,0,0,0,1,0,0,1,0,0,0,0,False,0
212070,Star Conflict,1,0,0,0,0,0,0,0,1,0,1,0,0,0,1,0,0,0,0,0,0,True,0
222520,Champions of Regnum,0,0,0,0,0,0,0,0,1,1,1,0,1,0,0,0,0,0,0,0,0,True,2
204080,The Showdown Effect,1,0,0,0,0,0,0,0,0,0,0,0,0,0,0,0,0,0,0,0,0,True,2
211500,RaceRoom Racing Experience,0,0,0,0,0,0,0,0,1,0,0,0,0,1,1,0,1,0,0,0,0,False,2
227300,Euro Truck Simulator 2,0,0,0,0,0,0,0,0,0,1,0,0,0,0,1,0,0,0,0,0,0,True,2
11610,Dragon Nest,1,0,0,0,0,0,0,0,1,0,1,0,1,0,0,0,0,0,0,0,0,True,1
224540,Ace of Spades: Battle Builder,1,0,0,0,0,0,0,0,0,1,0,0,0,0,0,0,0,0,0,0,0,True,1
222980,Dead Pixels,1,0,0,0,0,0,0,0,0,1,0,0,1,0,0,0,0,0,0,0,0,True,1
220240,Far Cry 3,1,1,0,0,0,0,0,0,0,0,0,0,0,0,0,0,0,0,0,0,0,True,0
221640,Super Hexagon,1,0,0,0,0,0,0,0,0,1,0,0,0,0,0,0,0,0,0,0,0,True,2
221260,Little Inferno,0,1,0,0,1,0,0,0,0,1,0,0,0,0,0,0,0,0,0,0,0,True,2
218680,Scribblenauts Unlimited,0,1,0,0,1,0,0,0,0,0,0,0,0,0,0,0,0,1,0,0,0,True,2
203140,Hitman: Absolution™,1,0,0,0,0,0,0,0,0,0,0,0,0,0,0,0,0,0,0,0,0,True,1
218230,PlanetSide 2,1,0,0,0,0,0,0,0,1,0,1,0,0,0,0,0,0,0,0,0,0,True,2
208480,Assassin’s Creed® III,0,1,0,0,0,0,0,0,0,0,0,0,0,0,0,0,0,0,0,0,0,True,1
4920,Natural Selection 2,1,0,0,0,0,0,0,0,0,1,0,0,0,0,0,0,0,1,0,0,0,True,0
218740,Pid,0,1,0,0,0,0,0,0,0,1,0,0,0,0,0,0,0,0,0,0,0,True,1
218640,Lucius,1,1,0,0,0,0,0,0,0,1,0,0,0,0,0,0,0,0,0,0,0,False,1
213650,Dwarfs - F2P,0,0,0,0,1,0,0,0,1,1,0,0,0,0,0,0,0,1,0,0,0,True,2
219640,Chivalry: Medieval Warfare,1,0,0,0,0,0,0,0,0,1,0,0,0,0,0,0,0,0,0,0,0,True,2
200170,Worms Revolution,0,0,0,0,0,0,0,0,0,0,0,0,0,0,0,0,0,1,0,0,0,True,2
209730,R.A.W. Realms of Ancient War,1,0,0,0,0,0,0,0,0,0,0,0,1,0,0,0,0,0,0,0,0,True,2
205100,Dishonored,1,1,0,0,0,0,0,0,0,0,0,0,0,0,0,0,0,0,0,0,0,True,2
204360,Castle Crashers®,1,1,0,0,1,0,0,0,0,1,0,0,1,0,0,0,0,0,0,0,0,True,2
200710,Torchlight II,1,1,0,0,0,0,0,0,0,1,0,0,1,0,0,0,0,0,0,0,0,False,1
200510,XCOM: Enemy Unknown,0,0,0,0,0,0,0,0,0,0,0,0,0,0,0,0,0,1,0,0,0,True,2
212680,FTL: Faster Than Light,0,0,0,0,0,0,0,0,0,1,0,0,0,0,1,0,0,1,0,0,0,True,2
49520,Borderlands 2,1,0,0,0,0,0,0,0,0,0,0,0,1,0,0,0,0,0,0,0,0,True,2
208500,F1 2012™,0,0,0,0,0,0,0,0,0,0,0,0,0,1,1,0,1,0,0,0,0,False,2
214790,The Basement Collection,0,1,0,0,0,0,0,0,0,1,0,0,0,0,0,0,0,1,0,0,0,True,1
212800,Super Crate Box,1,0,0,0,0,0,0,0,1,1,0,0,0,0,0,0,0,0,0,0,0,True,2
206210,Gotham City Impostors Free to Play,1,0,0,0,0,0,0,0,1,0,0,0,0,0,0,0,0,0,0,0,0,True,2
207570,English Country Tune,0,0,0,0,1,0,0,0,0,1,0,0,0,0,0,0,0,0,0,0,0,True,1
216150,MapleStory,0,0,0,0,1,0,0,0,1,0,1,0,1,0,0,0,0,0,0,0,0,True,2
204300,Awesomenauts - the 2D moba,1,0,0,0,0,0,0,0,1,1,0,0,0,0,0,0,0,1,0,0,0,True,2
201790,Orcs Must Die! 2,1,0,0,0,0,0,0,0,0,1,0,0,0,0,0,0,0,1,0,0,0,True,2
209870,Blacklight: Retribution,1,0,0,0,0,0,0,0,1,0,0,0,0,0,0,0,0,0,0,0,0,True,1
205910,Tiny and Big: Grandpa's Leftovers,0,0,0,0,0,0,0,0,0,1,0,0,0,0,0,0,0,0,0,0,0,True,0
50300,Spec Ops: The Line,1,1,0,0,0,0,0,0,0,0,0,0,0,0,0,0,0,0,0,0,0,True,2
202750,Alan Wake's American Nightmare,1,1,0,0,0,0,0,0,0,0,0,0,0,0,0,0,0,0,0,0,0,True,1
207610,The Walking Dead,0,1,0,0,0,0,0,0,0,0,0,0,0,0,0,0,0,0,0,0,0,True,2
207190,Fireburst,1,1,0,0,0,0,0,0,0,0,0,0,0,1,0,0,0,0,0,0,0,True,2
203630,Warlock - Master of the Arcane,0,0,0,0,0,0,0,0,0,0,0,0,0,0,0,0,0,1,0,0,0,True,2
20920,The Witcher 2: Assassins of Kings Enhanced Edition,0,0,0,0,0,0,0,0,0,0,0,0,1,0,0,0,0,0,0,0,0,True,2
104700,Super MNC,1,0,0,0,0,0,0,0,1,1,0,0,0,0,0,0,1,1,0,0,0,True,2
63380,Sniper Elite V2,1,0,0,0,0,0,0,0,0,0,0,0,0,0,0,0,0,0,0,0,0,False,0
113420,Fallen Earth Free2Play,0,0,0,0,0,0,0,0,1,0,1,0,1,0,0,0,0,0,0,0,0,True,2
201570,Really Big Sky,1,0,0,0,0,0,0,0,0,1,0,0,0,0,0,0,0,0,0,0,0,True,1
47410,Stronghold Kingdoms,0,0,0,0,0,0,0,0,1,0,1,0,0,0,0,0,0,1,0,0,0,True,2
102840,Shank 2,1,1,0,0,0,0,0,0,0,1,0,0,0,0,0,0,0,0,0,0,0,True,2
80360,Blackwell Deception,0,1,0,0,0,0,0,0,0,1,0,0,0,0,0,0,0,0,0,0,0,True,0
67370,The Darkness II,1,0,0,0,0,0,0,0,0,0,0,0,0,0,0,0,0,0,0,0,0,True,2
105450,Age of Empires® III: Complete Collection,0,0,0,0,0,0,0,0,0,0,0,0,0,0,1,0,0,1,0,0,0,True,1
55230,Saints Row: The Third,1,0,0,0,0,0,0,0,0,0,0,0,0,0,0,0,0,0,0,0,0,False,0
65800,Dungeon Defenders,1,0,0,0,0,0,0,0,0,1,0,0,1,0,0,0,0,1,0,0,0,True,2
24240,PAYDAY™ The Heist,1,0,0,0,0,0,0,0,0,0,0,0,0,0,0,0,0,0,0,0,0,False,2
102600,Orcs Must Die!,1,0,0,0,0,0,0,0,0,1,0,0,0,0,0,0,0,1,0,0,0,True,2
17710,Nuclear Dawn,1,0,0,0,0,0,0,0,0,0,0,0,0,0,0,0,0,1,0,0,0,True,2
107100,Bastion,1,0,0,0,0,0,0,0,0,1,0,0,1,0,0,0,0,0,0,0,0,True,2
91700,E.Y.E: Divine Cybermancy,1,0,0,0,0,0,0,0,0,1,0,0,1,0,0,0,0,0,0,0,0,True,2
48000,LIMBO,0,1,0,0,0,0,0,0,0,1,0,0,0,0,0,0,0,0,0,0,0,True,1
102810,Gatling Gears,1,1,0,0,0,0,0,0,0,1,0,0,0,0,0,0,0,0,0,0,0,True,2
44340,Operation Flashpoint: Red River,1,0,0,0,0,0,0,0,0,0,0,0,0,0,0,0,0,1,0,0,0,True,2
55110,Red Faction®: Armageddon™,1,0,0,0,0,0,0,0,0,0,0,0,0,0,0,0,0,0,0,0,0,True,1
48720,Mount &amp; Blade: With Fire &amp; Sword,1,0,0,0,0,0,0,0,0,0,0,0,1,0,0,0,0,0,0,0,0,True,2
104200,BEEP,0,1,0,0,0,0,0,0,0,1,0,0,0,0,0,0,0,0,0,0,0,True,2
105100,Lume,0,1,0,0,1,0,0,0,0,1,0,0,0,0,0,0,0,0,0,0,0,True,2
105600,Terraria,1,1,0,0,0,0,0,0,0,1,0,0,1,0,0,0,0,0,0,0,0,True,1
22350,BRINK,1,0,0,0,0,0,0,0,1,0,0,0,0,0,0,0,0,0,0,0,0,True,2
92100,DETOUR,0,0,0,0,0,0,0,0,0,1,0,0,0,0,0,0,0,1,0,0,0,True,2
98500,Naval Warfare,1,0,0,0,0,0,0,0,0,1,0,0,0,0,0,0,0,0,0,0,0,True,1
92800,SpaceChem,0,0,0,0,0,0,0,0,0,1,0,0,0,0,1,0,0,0,0,0,0,True,2
71240,SEGA Bass Fishing,0,0,0,0,0,0,0,0,0,0,0,0,0,0,1,0,1,0,0,0,0,True,2
48190,Assassin’s Creed® Brotherhood,1,1,0,0,0,0,0,0,0,0,0,0,0,0,0,0,0,0,0,0,0,True,2
65560,Painkiller Redemption,1,0,0,0,0,0,0,0,0,0,0,0,0,0,0,0,0,0,0,0,0,False,0
42910,Magicka,1,0,0,0,0,0,0,0,0,0,0,0,1,0,0,0,0,0,0,0,0,True,2
63500,Swords and Soldiers HD,1,0,0,0,1,0,0,0,0,1,0,0,0,0,0,0,0,1,0,0,0,True,2
38720,RUSH,0,0,0,0,1,0,0,0,0,1,0,0,0,0,0,0,0,1,0,0,0,True,1
47870,Need For Speed: Hot Pursuit,0,0,0,0,0,0,0,0,0,0,0,0,0,1,0,0,0,0,0,0,0,True,2
8500,EVE Online,1,0,0,0,0,0,0,0,1,0,1,0,1,0,0,0,0,1,0,0,0,True,0
55140,MX vs. ATV Reflex,0,0,0,0,0,0,0,0,0,0,0,0,0,1,0,0,0,0,0,0,0,True,2
40380,nail'd,0,0,0,0,0,0,0,0,0,0,0,0,0,1,0,0,0,0,0,0,0,True,1
42500,DogFighter,1,0,0,0,0,0,0,0,0,1,0,0,0,0,0,0,0,0,0,0,0,False,0
34830,Sniper: Ghost Warrior,1,0,0,0,0,0,0,0,0,0,0,0,0,0,0,0,0,0,0,0,0,True,1
300,Day of Defeat: Source,1,0,0,0,0,0,0,0,0,0,0,0,0,0,0,0,0,0,0,0,0,True,2
33930,Arma 2: Operation Arrowhead,1,0,0,0,0,0,0,0,0,0,0,0,0,0,1,0,0,1,0,0,0,True,2
34030,Napoleon: Total War™,0,0,0,0,0,0,0,0,0,0,0,0,0,0,0,0,0,1,0,0,0,True,2
24960,Battlefield: Bad Company™ 2,1,0,0,0,0,0,0,0,0,0,0,0,0,0,0,0,0,0,0,0,0,True,1
40100,Supreme Commander 2,0,0,0,0,0,0,0,0,0,0,0,0,0,0,0,0,0,1,0,0,0,True,1
34190,Sonic &amp; SEGA All-Stars Racing,0,0,0,0,0,0,0,0,0,0,0,0,0,1,0,0,0,0,0,0,0,True,0
48110,Silent Hunter 5®: Battle of the Atlantic,0,0,0,0,0,0,0,0,0,0,0,0,0,0,1,0,0,0,0,0,0,False,0
33230,Assassin's Creed 2 Deluxe Edition,1,1,0,0,0,0,0,0,0,0,0,0,0,0,0,0,0,0,0,0,0,True,2
8190,Just Cause 2,1,1,0,0,0,0,0,0,0,0,0,0,0,0,0,0,0,0,0,0,0,True,2
20570,"Warhammer® 40,000: Dawn of War® II Chaos Rising",0,0,0,0,0,0,0,0,0,0,0,0,0,0,0,0,0,1,0,0,0,True,2
51010,My Tribe,0,0,0,0,1,0,0,0,0,0,0,0,0,0,1,0,0,0,0,0,0,True,0
27920,Booster Trooper,1,0,0,0,0,0,0,0,0,1,0,0,0,0,0,0,0,0,0,0,0,True,2
24980,Mass Effect 2,0,0,0,0,0,0,0,0,0,0,0,0,1,0,0,0,0,0,0,0,0,True,1
45100,Secret of the Magic Crystals,0,0,0,0,1,0,0,0,0,1,0,0,0,0,0,0,0,0,0,0,0,False,1
10680,Aliens vs. Predator™,1,0,0,0,0,0,0,0,0,0,0,0,0,0,0,0,0,0,0,0,0,True,2
550,Left 4 Dead 2,1,0,0,0,0,0,0,0,0,0,0,0,0,0,0,0,0,0,0,0,0,True,2
40400,AI War: Fleet Command,0,0,0,0,0,0,0,0,0,1,0,0,0,0,0,0,0,1,0,0,0,True,2
32200,Metal Drift,1,0,0,0,0,0,0,0,0,1,0,0,0,1,0,0,1,0,0,0,0,True,1
8980,Borderlands,1,0,0,0,0,0,0,0,0,0,0,0,1,0,0,0,0,0,0,0,0,True,2
12830,Operation Flashpoint: Dragon Rising,1,0,0,0,0,0,0,0,0,0,0,0,0,0,0,0,0,0,0,0,0,True,2
23490,Tropico 3,0,0,0,0,0,0,0,0,0,0,0,0,0,0,1,0,0,1,0,0,0,True,2
20500,Red Faction Guerrilla Steam Edition,1,0,0,0,0,0,0,0,0,0,0,0,0,0,0,0,0,0,0,0,0,True,2
21690,Resident Evil™ 5/ Biohazard 5®,1,1,0,0,0,0,0,0,0,0,0,0,0,0,0,0,0,0,0,0,0,True,2
32390,STAR WARS™ Jedi Knight - Mysteries of the Sith™,1,0,0,0,0,0,0,0,0,0,0,0,0,0,0,0,0,0,0,0,0,True,2
6020,STAR WARS™ Jedi Knight - Jedi Academy™,1,0,0,0,0,0,0,0,0,0,0,0,0,0,0,0,0,0,0,0,0,True,2
38450,MDK,1,0,0,0,0,0,0,0,0,0,0,0,0,0,0,0,0,0,0,0,0,False,2
39800,Nation Red,1,0,0,0,0,0,0,0,0,1,0,0,0,0,0,0,0,0,0,0,0,True,0
35140,Batman: Arkham Asylum Game of the Year Edition,1,1,0,0,0,0,0,0,0,0,0,0,0,0,0,0,0,0,0,0,0,True,2
3700,Sniper Elite,1,0,0,0,0,0,0,0,0,0,0,0,0,0,0,0,0,0,0,0,0,True,2
34900,Bad Rats: the Rats' Revenge,0,0,0,0,0,0,0,0,0,1,0,0,0,0,0,0,0,0,0,0,0,True,2
6000,STAR WARS™ Republic Commando™,1,0,0,0,0,0,0,0,0,0,0,0,0,0,0,0,0,0,0,0,0,False,0
33900,Arma 2,1,0,0,0,0,0,0,0,0,0,0,0,0,0,1,0,0,1,0,0,0,True,2
35700,Trine Enchanted Edition,1,1,0,0,0,0,0,0,0,1,0,0,0,0,0,0,0,0,0,0,0,True,2
12810,Overlord II,0,0,0,0,0,0,0,0,0,0,0,0,1,0,0,0,0,0,0,0,0,True,2
11360,Chains,0,0,0,0,0,0,0,0,0,1,0,0,0,0,0,0,0,0,0,0,0,True,2
1250,Killing Floor,1,0,0,0,0,0,0,0,0,0,0,0,0,0,0,0,0,0,0,0,0,True,2
12790,Damnation,1,1,0,0,0,0,0,0,0,0,0,0,0,0,0,0,0,0,0,0,0,True,1
33130,Zombie Shooter,1,0,0,0,0,0,0,0,0,1,0,0,1,0,0,0,0,0,0,0,0,True,2
16720,Velvet Assassin,1,0,0,0,0,0,0,0,0,0,0,0,0,0,0,0,0,0,0,0,0,True,2
3590,Plants vs. Zombies GOTY Edition,0,0,0,0,0,0,0,0,0,0,0,0,0,0,0,0,0,1,0,0,0,True,2
21640,Flock!,0,0,0,0,1,0,0,0,0,0,0,0,0,0,0,0,0,1,0,0,0,False,0
26800,Braid,0,0,0,0,1,0,0,0,0,1,0,0,0,0,0,0,0,1,0,0,0,True,1
29800,Caster,1,1,0,0,1,0,0,0,0,1,0,0,1,0,0,0,0,1,0,0,0,True,1
11590,Hospital Tycoon,0,0,0,0,0,0,0,0,0,0,0,0,0,0,1,0,0,0,0,0,0,True,2
15620,"Warhammer 40,000: Dawn of War II",0,0,0,0,0,0,0,0,0,0,0,0,0,0,0,0,0,1,0,0,0,True,2
10500,Empire: Total War™,0,0,0,0,0,0,0,0,0,0,0,0,0,0,0,0,0,1,0,0,0,True,2
23310,The Last Remnant™,0,0,0,0,0,0,0,0,0,0,0,0,1,0,0,0,0,0,0,0,0,True,0
22120,Penumbra: Black Plague Gold Edition,1,1,0,0,0,0,0,0,0,1,0,0,0,0,0,0,0,0,0,0,0,True,2
22300,Fallout 3,0,0,0,0,0,0,0,0,0,0,0,0,1,0,0,0,0,0,0,0,0,True,0
12390,Exodus from the Earth,1,0,0,0,0,0,0,0,0,0,0,0,0,0,0,0,0,0,0,0,0,True,2
22100,Mount &amp; Blade,0,0,0,0,0,0,0,0,0,1,0,0,1,0,0,0,0,0,0,0,0,True,1
500,Left 4 Dead,1,0,0,0,0,0,0,0,0,0,0,0,0,0,0,0,0,0,0,0,0,True,2
10090,Call of Duty: World at War,1,0,0,0,0,0,0,0,0,0,0,0,0,0,0,0,0,0,0,0,0,True,2
8140,Tomb Raider: Underworld,1,1,0,0,0,0,0,0,0,0,0,0,0,0,0,0,0,0,0,0,0,True,2
13500,Prince of Persia: Warrior Within™,1,1,0,0,0,0,0,0,0,0,0,0,0,0,0,0,0,0,0,0,0,True,2
17430,Need for Speed Undercover,1,0,0,0,0,0,0,0,0,0,0,0,0,1,0,0,0,0,0,0,0,True,2
17460,Mass Effect,1,0,0,0,0,0,0,0,0,0,0,0,1,0,0,0,0,0,0,0,0,True,2
17440,SPORE™ Creepy &amp; Cute Parts Pack,0,0,0,0,0,0,0,0,0,0,0,0,0,0,1,0,0,0,0,0,0,True,2
17390,SPORE™,0,0,0,0,0,0,0,0,0,0,0,0,0,0,1,0,0,0,0,0,0,False,2
8650,RACE 07: Andy Priaulx Crowne Plaza Raceway (Free DLC),0,0,0,0,0,0,0,0,0,0,0,0,0,1,0,0,0,0,0,0,0,True,2
16710,Insecticide Part 1,1,1,0,0,0,0,0,0,0,0,0,0,0,0,0,0,0,0,0,0,0,True,2
12320,Sacred Gold,1,0,0,0,0,0,0,0,0,0,0,0,1,0,0,0,0,0,0,0,0,True,0
15310,The Settlers®: Heritage of Kings,0,0,0,0,0,0,0,0,0,0,0,0,0,0,0,0,0,1,0,0,0,True,2
15100,Assassin's Creed™: Director's Cut Edition,1,1,0,0,0,0,0,0,0,0,0,0,0,0,0,0,0,0,0,0,0,True,2
15120,Tom Clancy's Rainbow Six® Vegas 2,1,0,0,0,0,0,0,0,0,0,0,0,0,0,0,0,0,0,0,0,0,False,2
7200,Trackmania United Forever Star Edition,0,0,0,0,0,0,0,0,0,0,0,0,0,1,0,0,0,0,0,0,0,True,2
400,Portal,1,0,0,0,0,0,0,0,0,0,0,0,0,0,0,0,0,0,0,0,0,True,1
16120,Plant Tycoon,0,0,0,0,1,0,0,0,0,0,0,0,0,0,1,0,0,0,0,0,0,True,2
15270,Cold Fear™,1,0,0,0,0,0,0,0,0,0,0,0,0,0,0,0,0,0,0,0,0,True,1
15170,Heroes of Might &amp; Magic V,0,0,0,0,0,0,0,0,0,0,0,0,0,0,0,0,0,1,0,0,0,True,2
18000,"Precipice of Darkness, Episode One",0,1,0,0,0,0,0,0,0,0,0,0,1,0,0,0,0,0,0,0,0,True,0
12330,Darkstar One,1,0,0,0,0,0,0,0,0,0,0,0,0,0,0,0,0,0,0,0,0,False,2
11200,Shadowgrounds Survivor,1,0,0,0,0,0,0,0,0,0,0,0,0,0,0,0,0,0,0,0,0,True,2
9460,Frontlines™: Fuel of War™,1,0,0,0,0,0,0,0,0,0,0,0,0,0,0,0,0,0,0,0,0,True,2
9450,"Warhammer® 40,000: Dawn of War® - Soulstorm",0,0,0,0,0,0,0,0,0,0,0,0,0,0,0,0,0,1,0,0,0,True,2
8600,RACE 07,0,0,0,0,0,0,0,0,0,0,0,0,0,1,0,0,0,0,0,0,0,True,2
6420,Nexus - The Jupiter Incident,0,0,0,0,0,0,0,0,0,1,0,0,0,0,1,0,0,1,0,0,0,True,2
4560,Company of Heroes - Legacy Edition,1,0,0,0,0,0,0,0,0,0,0,0,0,0,0,0,0,1,0,0,0,True,2
9050,DOOM 3,1,0,0,0,0,0,0,0,0,0,0,0,0,0,0,0,0,0,0,0,0,False,1
2200,Quake III Arena,1,0,0,0,0,0,0,0,0,0,0,0,0,0,0,0,0,0,0,0,0,True,2
9180,Commander Keen,1,0,0,0,0,0,0,0,0,0,0,0,0,0,0,0,0,0,0,0,0,True,2
420,Half-Life 2: Episode Two,1,0,0,0,0,0,0,0,0,0,0,0,0,0,0,0,0,0,0,0,0,True,0
2590,Alpha Prime,1,0,0,0,0,0,0,0,0,0,0,0,0,0,0,0,0,0,0,0,0,True,1
7940,Call of Duty® 4: Modern Warfare®,1,0,0,0,0,0,0,0,0,0,0,0,0,0,0,0,0,0,0,0,0,True,2
8080,Kane and Lynch: Dead Men™,1,0,0,0,0,0,0,0,0,0,0,0,0,0,0,0,0,0,0,0,0,True,0
8400,Geometry Wars: Retro Evolved,0,0,0,0,1,0,0,0,0,0,0,0,0,0,0,0,0,0,0,0,0,True,2
6840,Commandos 3: Destination Berlin,1,0,0,0,0,0,0,0,0,0,0,0,0,0,0,0,0,0,0,0,0,True,1
6880,Just Cause,1,0,0,0,0,0,0,0,0,0,0,0,0,0,0,0,0,0,0,0,0,True,1
6900,Hitman: Codename 47,1,0,0,0,0,0,0,0,0,0,0,0,0,0,0,0,0,0,0,0,0,True,2
6850,Hitman 2: Silent Assassin,1,0,0,0,0,0,0,0,0,0,0,0,0,0,0,0,0,0,0,0,0,False,0
6870,Battlestations: Midway,1,0,0,0,0,0,0,0,0,0,0,0,0,0,0,0,0,0,0,0,0,True,2
6860,Hitman: Blood Money,1,0,0,0,0,0,0,0,0,0,0,0,0,0,0,0,0,0,0,0,0,True,0
2600,Vampire: The Masquerade - Bloodlines,1,0,0,0,0,0,0,0,0,0,0,0,0,0,0,0,0,0,0,0,0,True,2
4500,S.T.A.L.K.E.R.: Shadow of Chernobyl,1,0,0,0,0,0,0,0,0,0,0,0,1,0,0,0,0,0,0,0,0,True,2
6400,Joint Task Force,1,0,0,0,0,0,0,0,0,0,0,0,0,0,0,0,0,1,0,0,0,True,2
6980,Thief: Deadly Shadows,1,0,0,0,0,0,0,0,0,0,0,0,0,0,0,0,0,0,0,0,0,True,2
6910,Deus Ex: Game of the Year Edition,1,0,0,0,0,0,0,0,0,0,0,0,0,0,0,0,0,0,0,0,0,False,2
6920,Deus Ex: Invisible War,1,0,0,0,0,0,0,0,0,0,0,0,0,0,0,0,0,0,0,0,0,True,0
7110,Jade Empire™: Special Edition,0,0,0,0,0,0,0,0,0,0,0,0,1,0,0,0,0,0,0,0,0,True,2
3480,Peggle Deluxe,0,0,0,0,1,0,0,0,0,0,0,0,0,0,0,0,0,0,0,0,0,True,2
4420,Silverfall,0,0,0,0,0,0,0,0,0,0,0,0,1,0,0,0,0,0,0,0,0,True,2
6250,Making History: The Calm &amp; the Storm,1,0,0,0,0,0,0,0,0,0,0,0,0,0,0,0,0,1,0,0,0,False,2
7210,"Runaway, A Road Adventure",0,1,0,0,0,0,0,0,0,0,0,0,0,0,0,0,0,0,0,0,0,True,2
2620,Call of Duty®,1,0,0,0,0,0,0,0,0,0,0,0,0,0,0,0,0,0,0,0,0,True,2
3830,Psychonauts,1,0,0,0,0,0,0,0,0,0,0,0,0,0,0,0,0,0,0,0,0,True,2
2610,GUN™,1,0,0,0,0,0,0,0,0,0,0,0,0,0,0,0,0,0,0,0,0,True,1
2630,Call of Duty® 2,1,0,0,0,0,0,0,0,0,0,0,0,0,0,0,0,0,0,0,0,0,True,2
1690,Space Empires V,0,0,0,0,0,0,0,0,0,0,0,0,0,0,0,0,0,1,0,0,0,True,2
3910,Sid Meier's Civilization® III Complete,0,0,0,0,0,0,0,0,0,0,0,0,0,0,0,0,0,1,0,0,0,True,2
3900,Sid Meier's Civilization® IV,0,0,0,0,0,0,0,0,0,0,0,0,0,0,0,0,0,1,0,0,0,True,2
2900,688(I) Hunter/Killer,0,0,0,0,0,0,0,0,0,0,0,0,0,0,0,0,0,1,0,0,0,True,2
3820,BloodRayne 2,1,0,0,0,0,0,0,0,0,0,0,0,0,0,0,0,0,0,0,0,0,True,2
4300,RoboBlitz,1,0,0,0,0,0,0,0,0,1,0,0,0,0,0,0,0,0,0,0,0,True,2
4700,Medieval II: Total War™,0,0,0,0,0,0,0,0,0,0,0,0,0,0,0,0,0,1,0,0,0,True,2
4800,Heroes of Annihilated Empires,0,0,0,0,0,0,0,0,0,0,0,0,0,0,0,0,0,1,0,0,0,True,2
240,Counter-Strike: Source,1,0,0,0,0,0,0,0,0,0,0,0,0,0,0,0,0,0,0,0,0,True,1
280,Half-Life: Source,1,0,0,0,0,0,0,0,0,0,0,0,0,0,0,0,0,0,0,0,0,True,2
320,Half-Life 2: Deathmatch,1,0,0,0,0,0,0,0,0,0,0,0,0,0,0,0,0,0,0,0,0,True,1
3920,Sid Meier's Pirates!,0,0,0,0,0,0,0,0,0,0,0,0,1,0,0,0,0,0,0,0,0,True,2
1500,Darwinia,0,0,0,0,0,0,0,0,0,1,0,0,0,0,0,0,0,1,0,0,0,True,2
1002,Rag Doll Kung Fu,0,0,0,0,0,0,0,0,0,1,0,0,0,0,0,0,0,0,0,0,0,False,0
1200,Red Orchestra: Ostfront 41-45,1,0,0,0,0,0,0,0,0,0,0,0,0,0,0,0,0,0,0,0,0,True,2
1610,Space Empires IV Deluxe,0,0,0,0,0,0,0,0,0,0,0,0,0,0,0,0,0,1,0,0,0,True,2
1600,Dangerous Waters,0,0,0,0,0,0,0,0,0,0,0,0,0,0,0,0,0,1,0,0,0,True,2
1900,Earth 2160,0,0,0,0,0,0,0,0,0,0,0,0,0,0,0,0,0,1,0,0,0,True,2
2500,Shadowgrounds,1,0,0,0,0,0,0,0,0,0,0,0,0,0,0,0,0,0,0,0,0,True,2
1300,SiN Episodes: Emergence,1,0,0,0,0,0,0,0,0,0,0,0,0,0,0,0,0,0,0,0,0,True,1
2810,X3: Reunion,0,0,0,0,0,0,0,0,0,0,0,0,0,0,0,0,0,1,0,0,0,True,2
2800,X2: The Threat,0,0,0,0,0,0,0,0,0,0,0,0,0,0,0,0,0,1,0,0,0,True,2
1670,Iron Warriors: T - 72 Tank Command,0,0,0,0,0,0,0,0,0,0,0,0,0,0,0,0,0,1,0,0,0,True,2
1510,Uplink,0,0,0,0,0,0,0,0,0,1,0,0,0,0,0,0,0,1,0,0,0,True,2
3410,Heavy Weapon Deluxe,0,0,0,0,1,0,0,0,0,0,0,0,0,0,0,0,0,0,0,0,0,True,2
3450,Typer Shark! Deluxe,0,0,0,0,1,0,0,0,0,0,0,0,0,0,0,0,0,0,0,0,0,False,2
3430,Pizza Frenzy Deluxe,0,0,0,0,1,0,0,0,0,0,0,0,0,0,0,0,0,0,0,0,0,True,2
3440,Rocket Mania Deluxe,0,0,0,0,1,0,0,0,0,0,0,0,0,0,0,0,0,0,0,0,0,True,2
3390,Feeding Frenzy 2 Deluxe,0,0,0,0,1,0,0,0,0,0,0,0,0,0,0,0,0,0,0,0,0,True,2
3330,Zuma Deluxe,0,0,0,0,1,0,0,0,0,0,0,0,0,0,0,0,0,0,0,0,0,True,2
3310,Chuzzle Deluxe,0,0,0,0,1,0,0,0,0,0,0,0,0,0,0,0,0,0,0,0,0,True,2
3300,Bejeweled 2 Deluxe,0,0,0,0,1,0,0,0,0,0,0,0,0,0,0,0,0,0,0,0,0,True,2
2100,Dark Messiah of Might &amp; Magic,1,0,0,0,0,0,0,0,0,0,0,0,1,0,0,0,0,0,0,0,0,True,2
3320,Insaniquarium Deluxe,0,0,0,0,1,0,0,0,0,0,0,0,0,0,0,0,0,0,0,0,0,True,2
20,Team Fortress Classic,1,0,0,0,0,0,0,0,0,0,0,0,0,0,0,0,0,0,0,0,0,False,1
50,Half-Life: Opposing Force,1,0,0,0,0,0,0,0,0,0,0,0,0,0,0,0,0,0,0,0,0,False,0
60,Ricochet,1,0,0,0,0,0,0,0,0,0,0,0,0,0,0,0,0,0,0,0,0,True,2
10,Counter-Strike,1,0,0,0,0,0,0,0,0,0,0,0,0,0,0,0,0,0,0,0,0,True,2
40,Deathmatch Classic,1,0,0,0,0,0,0,0,0,0,0,0,0,0,0,0,0,0,0,0,0,True,2
130,Half-Life: Blue Shift,1,0,0,0,0,0,0,0,0,0,0,0,0,0,0,0,0,0,0,0,0,False,1
30,Day of Defeat,1,0,0,0,0,0,0,0,0,0,0,0,0,0,0,0,0,0,0,0,0,True,2
13230,Unreal Tournament 2004: Editor's Choice Edition,1,0,0,0,0,0,0,0,0,0,0,0,0,0,0,0,0,0,0,0,0,True,2
