price,title,Action,Adventure,Animation and Modeling,Audio Production,Casual,Design and Illustration,Early Access,Education,Free to Play,Indie,Massively Multiplayer,Photo Editing,RPG,Racing,Simulation,Software Training,Sports,Strategy,Utilities,Video Production,Web Publishing,recommend,sentiment_analysis
9.99,Half-Life,1,0,0,0,0,0,0,0,0,0,0,0,0,0,0,0,0,0,0,0,0,True,2
6.99,Disciples II: Rise of the Elves,0,0,0,0,0,0,0,0,0,0,0,0,0,0,0,0,0,1,0,0,0,True,2
9.99,The Ship: Murder Party,1,0,0,0,0,0,0,0,0,1,0,0,1,0,0,0,0,0,0,0,0,False,1
9.99,Advent Rising,1,0,0,0,0,0,0,0,0,0,0,0,0,0,0,0,0,0,0,0,0,True,2
9.99,DEFCON,0,0,0,0,0,0,0,0,0,1,0,0,0,0,0,0,0,1,0,0,0,True,2
9.99,Garry's Mod,0,0,0,0,0,0,0,0,0,1,0,0,0,0,1,0,0,0,0,0,0,True,0
14.99,Starbound,1,1,0,0,1,0,0,0,0,1,0,0,1,0,0,0,0,0,0,0,0,True,1
39.99,RACE - The WTCC Game,0,0,0,0,0,0,0,0,0,0,0,0,0,1,0,0,0,0,0,0,0,True,1
4.99,Ghost Master®,0,0,0,0,0,0,0,0,0,0,0,0,0,0,0,0,0,1,0,0,0,True,2
4.99,Vegas: Make It Big™,0,0,0,0,0,0,0,0,0,0,0,0,0,0,0,0,0,1,0,0,0,True,2
19.99,Dreamfall: The Longest Journey,0,1,0,0,0,0,0,0,0,0,0,0,1,0,0,0,0,0,0,0,0,False,1
9.99,FlatOut 2™,0,0,0,0,0,0,0,0,0,0,0,0,0,1,0,0,0,0,0,0,0,True,2
7.49,FlatOut,0,0,0,0,0,0,0,0,0,0,0,0,0,1,0,0,0,0,0,0,0,True,2
14.99,Lost Planet™: Extreme Condition,1,1,0,0,0,0,0,0,0,0,0,0,0,0,0,0,0,0,0,0,0,True,1
4.99,Arx Fatalis,0,0,0,0,0,0,0,0,0,0,0,0,1,0,0,0,0,0,0,0,0,True,2
9.99,The Longest Journey,1,1,0,0,0,0,0,0,0,0,0,0,1,0,0,0,0,0,0,0,0,True,1
9.99,Sid Meier's Railroads!,0,0,0,0,0,0,0,0,0,0,0,0,0,0,0,0,0,1,0,0,0,True,2
4.99,X-COM: Terror From the Deep,0,0,0,0,0,0,0,0,0,0,0,0,0,0,0,0,0,1,0,0,0,True,2
8.99,Tomb Raider: Anniversary,1,1,0,0,0,0,0,0,0,0,0,0,0,0,0,0,0,0,0,0,0,False,1
19.99,Devil May Cry® 3 Special Edition,1,0,0,0,0,0,0,0,0,0,0,0,0,0,0,0,0,0,0,0,0,True,2
4.99,Ultimate Doom,1,0,0,0,0,0,0,0,0,0,0,0,0,0,0,0,0,0,0,0,0,True,1
4.99,DOOM II,1,0,0,0,0,0,0,0,0,0,0,0,0,0,0,0,0,0,0,0,0,False,0
4.99,Wolfenstein 3D,1,0,0,0,0,0,0,0,0,0,0,0,0,0,0,0,0,0,0,0,0,True,2
4.99,Return to Castle Wolfenstein,1,0,0,0,0,0,0,0,0,0,0,0,0,0,0,0,0,0,0,0,0,False,0
9.99,BloodRayne,1,0,0,0,0,0,0,0,0,0,0,0,0,0,0,0,0,0,0,0,0,True,2
4.99,QUAKE,1,0,0,0,0,0,0,0,0,0,0,0,0,0,0,0,0,0,0,0,0,True,2
19.99,BioShock™,1,0,0,0,0,0,0,0,0,0,0,0,1,0,0,0,0,0,0,0,0,True,1
12.99,"Warhammer® 40,000: Dawn of War® - Game of the Year Edition",0,0,0,0,0,0,0,0,0,0,0,0,0,0,0,0,0,1,0,0,0,True,1
12.99,"Warhammer® 40,000: Dawn of War® - Dark Crusade",0,0,0,0,0,0,0,0,0,0,0,0,0,0,0,0,0,1,0,0,0,True,0
9.99,Rome: Total War™ - Collection,0,0,0,0,0,0,0,0,0,0,0,0,0,0,0,0,0,1,0,0,0,True,2
4.99,Rome: Total War™ - Alexander,0,0,0,0,0,0,0,0,0,0,0,0,0,0,0,0,0,1,0,0,0,True,2
9.99,Midnight Club 2,0,0,0,0,0,0,0,0,0,0,0,0,0,1,0,0,0,0,0,0,0,True,2
6.99,Tomb Raider: Legend,1,1,0,0,0,0,0,0,0,0,0,0,0,0,0,0,0,0,0,0,0,True,0
9.99,Max Payne,1,0,0,0,0,0,0,0,0,0,0,0,0,0,0,0,0,0,0,0,0,True,2
19.99,Command &amp; Conquer: Red Alert 3,0,0,0,0,0,0,0,0,0,0,0,0,0,0,0,0,0,1,0,0,0,True,2
9.99,Prison Tycoon 3™: Lockdown,0,0,0,0,0,0,0,0,0,0,0,0,0,0,0,0,0,1,0,0,0,True,2
7.99,ARMA: Combat Operations,1,0,0,0,0,0,0,0,0,0,0,0,0,0,0,0,0,0,0,0,0,True,2
19.99,RollerCoaster Tycoon® 3: Platinum,0,0,0,0,0,0,0,0,0,0,0,0,0,0,1,0,0,1,0,0,0,False,2
14.99,Unreal 2: The Awakening,1,0,0,0,0,0,0,0,0,0,0,0,0,0,0,0,0,0,0,0,0,True,2
9.99,Far Cry®,1,0,0,0,0,0,0,0,0,0,0,0,0,0,0,0,0,0,0,0,0,True,2
9.99,Unreal Tournament: Game of the Year Edition,1,0,0,0,0,0,0,0,0,0,0,0,0,0,0,0,0,0,0,0,0,True,1
9.99,Little Farm,0,0,0,0,1,0,0,0,0,0,0,0,0,0,0,0,0,0,0,0,0,True,2
9.99,Silent Hunter®: Wolves of the Pacific,0,0,0,0,0,0,0,0,0,0,0,0,0,0,1,0,0,0,0,0,0,True,1
9.99,Sherlock Holmes - Nemesis,0,1,0,0,0,0,0,0,0,0,0,0,1,0,0,0,0,0,0,0,0,True,2
2.99,Oddworld: Abe's Exoddus®,0,1,0,0,0,0,0,0,0,0,0,0,0,0,0,0,0,0,0,0,0,True,2
2.99,Oddworld: Abe's Oddysee®,0,1,0,0,0,0,0,0,0,0,0,0,0,0,0,0,0,0,0,0,0,False,0
4.99,X-COM: UFO Defense,0,0,0,0,0,0,0,0,0,0,0,0,0,0,0,0,0,1,0,0,0,True,2
9.99,S.T.A.L.K.E.R.: Clear Sky,1,0,0,0,0,0,0,0,0,0,0,0,1,0,0,0,0,0,0,0,0,True,1
19.99,Crysis,1,0,0,0,0,0,0,0,0,0,0,0,0,0,0,0,0,0,0,0,0,True,2
9.99,The Witcher: Enhanced Edition Director's Cut,1,0,0,0,0,0,0,0,0,0,0,0,1,0,0,0,0,0,0,0,0,True,2
9.99,Multiwinia,0,0,0,0,0,0,0,0,0,1,0,0,0,0,0,0,0,0,0,0,0,True,0
19.99,LEGO Batman,1,1,0,0,0,0,0,0,0,0,0,0,0,0,0,0,0,0,0,0,0,True,2
4.99,Peggle™ Nights,0,0,0,0,1,0,0,0,0,0,0,0,0,0,0,0,0,0,0,0,0,True,0
9.99,World of Goo,0,0,0,0,0,0,0,0,0,1,0,0,0,0,0,0,0,0,0,0,0,True,2
15.99,X3: Terran Conflict,1,0,0,0,0,0,0,0,0,0,0,0,0,0,1,0,0,1,0,0,0,True,2
14.99,Bully: Scholarship Edition,1,1,0,0,0,0,0,0,0,0,0,0,0,0,0,0,0,0,0,0,0,True,2
9.99,Far Cry® 2: Fortune's Edition,1,0,0,0,0,0,0,0,0,0,0,0,0,0,0,0,0,0,0,0,0,True,0
4.99,Space Trader: Merchant Marine,1,0,0,0,0,0,0,0,0,1,0,0,0,0,0,0,0,1,0,0,0,True,0
9.99,Saints Row 2,1,0,0,0,0,0,0,0,0,0,0,0,0,0,0,0,0,0,0,0,0,True,2
19.99,Dead Space,1,0,0,0,0,0,0,0,0,0,0,0,0,0,0,0,0,0,0,0,0,True,1
9.99,Rise of the Argonauts,0,0,0,0,0,0,0,0,0,0,0,0,1,0,0,0,0,0,0,0,0,True,2
19.99,Mirror's Edge™,1,1,0,0,0,0,0,0,0,0,0,0,0,0,0,0,0,0,0,0,0,True,2
9.99,Defense Grid: The Awakening,0,0,0,0,0,0,0,0,0,1,0,0,0,0,0,0,0,1,0,0,0,True,2
14.99,F.E.A.R. 2: Project Origin,1,0,0,0,0,0,0,0,0,0,0,0,0,0,0,0,0,0,0,0,0,False,2
4.99,Larva Mortus,1,0,0,0,0,0,0,0,0,1,0,0,0,0,0,0,0,0,0,0,0,True,1
19.99,Unreal Tournament 3 Black,1,0,0,0,0,0,0,0,0,0,0,0,0,0,0,0,0,0,0,0,0,True,2
19.99,Burnout Paradise: The Ultimate Box,0,0,0,0,0,0,0,0,0,0,0,0,0,1,0,0,0,0,0,0,0,True,1
4.99,Obulis,0,0,0,0,1,0,0,0,0,1,0,0,0,0,0,0,0,0,0,0,0,True,0
9.99,Two Worlds Epic Edition,0,0,0,0,0,0,0,0,0,0,0,0,1,0,0,0,0,0,0,0,0,True,2
9.99,X-Blades,1,1,0,0,0,0,0,0,0,0,0,0,1,0,0,0,0,0,0,0,0,True,2
9.99,Zeno Clash,1,0,0,0,0,0,0,0,0,1,0,0,0,0,0,0,0,0,0,0,0,True,2
6.99,King's Bounty: The Legend,0,0,0,0,0,0,0,0,0,0,0,0,1,0,0,0,0,1,0,0,0,False,0
14.99,Light of Altair,0,0,0,0,0,0,0,0,0,1,0,0,0,0,1,0,0,1,0,0,0,True,2
19.99,Prototype™,1,1,0,0,0,0,0,0,0,0,0,0,0,0,0,0,0,0,0,0,0,True,2
14.99,The Elder Scrolls IV: Oblivion® Game of the Year Edition,0,0,0,0,0,0,0,0,0,0,0,0,1,0,0,0,0,0,0,0,0,True,2
14.99,The Elder Scrolls III: Morrowind® Game of the Year Edition,0,0,0,0,0,0,0,0,0,0,0,0,1,0,0,0,0,0,0,0,0,True,2
19.99,Street Fighter® IV,1,0,0,0,0,0,0,0,0,0,0,0,0,0,0,0,0,0,0,0,0,True,2
9.99,"Star Wars: Battlefront 2 (Classic, 2005)",1,0,0,0,0,0,0,0,0,0,0,0,0,0,0,0,0,0,0,0,0,True,1
19.99,LEGO® Indiana Jones™: The Original Adventures,1,1,0,0,0,0,0,0,0,0,0,0,0,0,0,0,0,0,0,0,0,True,0
9.99,Bionic Commando: Rearmed,1,0,0,0,0,0,0,0,0,0,0,0,0,0,0,0,0,0,0,0,0,True,1
4.99,Foreign Legion: Buckets of Blood,1,0,0,0,0,0,0,0,0,1,0,0,0,0,0,0,0,0,0,0,0,True,1
9.99,STAR WARS™ - Knights of the Old Republic™,0,1,0,0,0,0,0,0,0,0,0,0,1,0,0,0,0,0,0,0,0,True,1
4.99,"Time Gentlemen, Please! and Ben There, Dan That! Special Edition  Double Pack",0,1,0,0,0,0,0,0,0,1,0,0,0,0,0,0,0,0,0,0,0,True,1
9.99,Mini Ninjas,1,1,0,0,0,0,0,0,0,0,0,0,0,0,0,0,0,0,0,0,0,True,2
9.99,Risen,0,0,0,0,0,0,0,0,0,0,0,0,1,0,0,0,0,0,0,0,0,False,0
9.99,Machinarium,0,1,0,0,0,0,0,0,0,1,0,0,0,0,0,0,0,0,0,0,0,True,2
14.99,Torchlight,0,0,0,0,0,0,0,0,0,0,0,0,1,0,0,0,0,0,0,0,0,True,2
19.99,Command &amp; Conquer: Red Alert 3 - Uprising,0,0,0,0,0,0,0,0,0,0,0,0,0,0,0,0,0,1,0,0,0,True,2
19.99,Dragon Age: Origins,0,0,0,0,0,0,0,0,0,0,0,0,1,0,0,0,0,0,0,0,0,True,2
19.99,Call of Duty®: Modern Warfare® 2,1,0,0,0,0,0,0,0,0,0,0,0,0,0,0,0,0,0,0,0,0,True,1
19.99,LEGO® Star Wars™ - The Complete Saga,0,1,0,0,0,0,0,0,0,0,0,0,0,0,0,0,0,0,0,0,0,True,2
4.99,Overlord™,0,0,0,0,0,0,0,0,0,0,0,0,1,0,0,0,0,0,0,0,0,True,2
14.99,Command &amp; Conquer 3: Tiberium Wars,0,0,0,0,0,0,0,0,0,0,0,0,0,0,0,0,0,1,0,0,0,True,2
19.99,Fallout 3: Game of the Year Edition,0,0,0,0,0,0,0,0,0,0,0,0,1,0,0,0,0,0,0,0,0,True,2
9.99,Avencast: Rise of the Mage,1,0,0,0,0,0,0,0,0,1,0,0,1,0,0,0,0,0,0,0,0,True,2
19.99,Mount &amp; Blade: Warband,1,0,0,0,0,0,0,0,0,0,0,0,1,0,0,0,0,0,0,0,0,True,2
9.99,Lead and Gold: Gangs of the Wild West,1,0,0,0,0,0,0,0,0,0,0,0,0,0,0,0,0,0,0,0,0,True,1
19.99,Grand Theft Auto: Episodes from Liberty City,1,0,0,0,0,0,0,0,0,0,0,0,0,0,0,0,0,0,0,0,0,True,1
0.99,Fortix,0,0,0,0,0,0,0,0,0,1,0,0,0,0,0,0,0,0,0,0,0,True,2
9.99,Beat Hazard,1,0,0,0,1,0,0,0,0,1,0,0,0,0,0,0,0,0,0,0,0,True,2
4.99,The Misadventures of P.B. Winterbottom,0,1,0,0,0,0,0,0,0,1,0,0,0,0,0,0,0,0,0,0,0,True,2
4.99,AquaNox,1,0,0,0,0,0,0,0,0,0,0,0,0,0,0,0,0,0,0,0,0,True,1
4.99,Puzzler World,0,0,0,0,1,0,0,0,0,0,0,0,0,0,0,0,0,0,0,0,0,True,2
61.99,SEGA Mega Drive and Genesis Classics,1,1,0,0,1,0,0,0,0,0,0,0,1,0,0,0,0,0,0,0,0,True,0
14.99,Alpha Protocol™,1,0,0,0,0,0,0,0,0,0,0,0,1,0,0,0,0,0,0,0,0,True,0
9.99,Alien Breed: Impact,1,0,0,0,0,0,0,0,0,0,0,0,0,0,0,0,0,0,0,0,0,False,1
19.99,SimCity™ 4 Deluxe Edition,0,0,0,0,0,0,0,0,0,0,0,0,0,0,1,0,0,1,0,0,0,True,2
29.99,Mafia II,1,0,0,0,0,0,0,0,0,0,0,0,0,0,0,0,0,0,0,0,0,True,2
9.99,Puzzle Quest 2,0,0,0,0,1,0,0,0,0,0,0,0,1,0,0,0,0,0,0,0,0,True,2
19.99,Worms Reloaded,0,0,0,0,0,0,0,0,0,0,0,0,0,0,0,0,0,1,0,0,0,True,2
19.99,Victoria II,0,0,0,0,0,0,0,0,0,0,0,0,0,0,0,0,0,1,0,0,0,True,2
19.99,Amnesia: The Dark Descent,1,1,0,0,0,0,0,0,0,1,0,0,0,0,0,0,0,0,0,0,0,True,2
19.99,Recettear: An Item Shop's Tale,0,0,0,0,0,0,0,0,0,1,0,0,1,0,0,0,0,0,0,0,0,False,2
4.99,Hacker Evolution,0,0,0,0,0,0,0,0,0,0,0,0,0,0,1,0,0,0,0,0,0,True,0
29.99,Sid Meier's Civilization® V,0,0,0,0,0,0,0,0,0,0,0,0,0,0,0,0,0,1,0,0,0,True,1
19.99,Darksiders™,1,1,0,0,0,0,0,0,0,0,0,0,0,0,0,0,0,0,0,0,0,True,2
4.99,Doc Clock: The Toasted Sandwich of Time,0,1,0,0,1,0,0,0,0,1,0,0,0,0,0,0,0,0,0,0,0,True,2
9.99,Fallout: New Vegas,1,0,0,0,0,0,0,0,0,0,0,0,1,0,0,0,0,0,0,0,0,True,1
9.99,Shank,1,0,0,0,0,0,0,0,0,1,0,0,0,0,0,0,0,0,0,0,0,True,2
19.99,STAR WARS™: The Force Unleashed™ II,1,0,0,0,0,0,0,0,0,0,0,0,0,0,0,0,0,0,0,0,0,True,2
39.99,Call of Duty®: Black Ops,1,0,0,0,0,0,0,0,0,0,0,0,0,0,0,0,0,0,0,0,0,True,2
4.99,Oddworld: Munch's Oddysee,1,1,0,0,0,0,0,0,0,0,0,0,0,0,0,0,0,1,0,0,0,True,0
9.99,Grand Theft Auto III,1,0,0,0,0,0,0,0,0,0,0,0,0,0,0,0,0,0,0,0,0,True,2
14.99,Grand Theft Auto: San Andreas,1,0,0,0,0,0,0,0,0,0,0,0,0,0,0,0,0,0,0,0,0,True,2
19.99,Dead Space™ 2,1,0,0,0,0,0,0,0,0,0,0,0,0,0,0,0,0,0,0,0,0,True,2
4.99,Monday Night Combat,1,0,0,0,0,0,0,0,0,1,0,0,0,0,0,0,1,1,0,0,0,True,2
19.99,The Sims™ 3,0,0,0,0,0,0,0,0,0,0,0,0,0,0,1,0,0,0,0,0,0,True,2
19.99,Two Worlds II HD,0,0,0,0,0,0,0,0,0,0,0,0,1,0,0,0,0,0,0,0,0,True,2
19.99,Test Drive Unlimited 2,0,0,0,0,0,0,0,0,0,0,0,0,0,1,0,0,0,0,0,0,0,True,2
9.99,Anomaly: Warzone Earth,1,0,0,0,0,0,0,0,0,1,0,0,0,0,0,0,0,1,0,0,0,True,1
9.99,Dino D-Day,1,0,0,0,0,0,0,0,0,1,0,0,0,0,0,0,0,0,0,0,0,True,1
19.99,Portal 2,1,1,0,0,0,0,0,0,0,0,0,0,0,0,0,0,0,0,0,0,0,True,0
9.99,Half-Life 2,1,0,0,0,0,0,0,0,0,0,0,0,0,0,0,0,0,0,0,0,0,True,1
9.99,Sanctum,1,0,0,0,1,0,0,0,0,1,0,0,0,0,0,0,0,1,0,0,0,True,2
14.99,Dungeon Siege III,1,0,0,0,0,0,0,0,0,0,0,0,1,0,0,0,0,0,0,0,0,True,2
19.99,Duke Nukem Forever,1,0,0,0,0,0,0,0,0,0,0,0,0,0,0,0,0,0,0,0,0,True,2
0.0,A.V.A. Alliance of Valiant Arms™,1,0,0,0,0,0,0,0,1,0,0,0,0,0,0,0,0,0,0,0,0,True,2
19.99,F.E.A.R. 3,1,0,0,0,0,0,0,0,0,0,0,0,0,0,0,0,0,0,0,0,0,True,2
4.99,ARMA: Cold War Assault,1,0,0,0,0,0,0,0,0,0,0,0,0,0,1,0,0,1,0,0,0,True,2
14.99,Tropico 4,0,0,0,0,0,0,0,0,0,0,0,0,0,0,1,0,0,1,0,0,0,True,1
9.99,Space Pirates and Zombies,1,0,0,0,0,0,0,0,0,1,0,0,1,0,0,0,0,1,0,0,0,True,0
29.99,"Warhammer 40,000: Space Marine",1,0,0,0,0,0,0,0,0,0,0,0,0,0,0,0,0,0,0,0,0,True,2
9.99,Rock of Ages,1,0,0,0,0,0,0,0,0,1,0,0,0,1,0,0,0,1,0,0,0,True,1
19.99,Red Orchestra 2: Heroes of Stalingrad with Rising Storm,1,0,0,0,0,0,0,0,0,0,1,0,0,0,1,0,0,0,0,0,0,True,1
4.99,Bunch of Heroes,1,0,0,0,0,0,0,0,0,1,0,0,0,0,0,0,0,0,0,0,0,True,2
4.99,The Binding of Isaac,1,1,0,0,0,0,0,0,0,1,0,0,1,0,0,0,0,0,0,0,0,True,2
14.99,Supreme Commander,0,0,0,0,0,0,0,0,0,0,0,0,0,0,0,0,0,1,0,0,0,True,2
19.99,Sonic Generations Collection,1,0,0,0,0,0,0,0,0,0,0,0,0,0,0,0,0,0,0,0,0,True,2
19.99,L.A. Noire,0,1,0,0,0,0,0,0,0,0,0,0,0,0,0,0,0,1,0,0,0,True,2
19.99,Galactic Civilizations® II: Ultimate Edition,0,0,0,0,0,0,0,0,0,0,0,0,0,0,0,0,0,1,0,0,0,True,2
0.0,APB Reloaded,1,0,0,0,0,0,0,0,1,0,1,0,0,0,0,0,0,0,0,0,0,True,2
9.99,Fable - The Lost Chapters,1,1,0,0,0,0,0,0,0,0,0,0,1,0,0,0,0,0,0,0,0,True,2
9.99,Serious Sam 2,1,0,0,0,0,0,0,0,0,1,0,0,0,0,0,0,0,0,0,0,0,True,1
0.0,Star Trek Online,0,0,0,0,0,0,0,0,1,0,1,0,1,0,0,0,0,0,0,0,0,True,2
9.99,Alan Wake,1,1,0,0,0,0,0,0,0,0,0,0,0,0,0,0,0,0,0,0,0,True,2
0.0,Realm of the Mad God,1,0,0,0,0,0,0,0,1,1,1,0,1,0,0,0,0,0,0,0,0,True,2
3.99,Cubemen,0,0,0,0,0,0,0,0,0,1,0,0,0,0,0,0,0,1,0,0,0,False,0
1.99,Waveform,0,1,0,0,0,0,0,0,0,1,0,0,0,0,0,0,0,1,0,0,0,True,2
0.0,The Lord of the Rings Online™,0,0,0,0,0,0,0,0,1,0,1,0,1,0,0,0,0,0,0,0,0,True,0
4.99,Penny Arcade's On the Rain-Slick Precipice of Darkness 3,0,0,0,0,0,0,0,0,0,1,0,0,1,0,0,0,0,0,0,0,0,True,2
19.99,Tom Clancy's Ghost Recon: Future Soldier™,1,0,0,0,0,0,0,0,0,0,0,0,0,0,0,0,0,0,0,0,0,True,2
0.0,Tribes: Ascend,1,0,0,0,0,0,0,0,1,0,0,0,0,0,0,0,0,0,0,0,0,True,1
9.99,Death Rally,1,0,0,0,0,0,0,0,0,0,0,0,0,1,0,0,0,0,0,0,0,False,0
4.99,Hero Academy,0,0,0,0,0,0,0,0,0,1,0,0,0,0,0,0,0,1,0,0,0,True,2
14.99,Counter-Strike: Global Offensive,1,0,0,0,0,0,0,0,0,0,0,0,0,0,0,0,0,0,0,0,0,True,2
7.99,Jet Set Radio,1,0,0,0,0,0,0,0,0,0,0,0,0,0,0,0,0,0,0,0,0,True,2
19.99,Doom 3: BFG Edition,1,0,0,0,0,0,0,0,0,0,0,0,0,0,0,0,0,0,0,0,0,True,2
29.99,Rocksmith™,0,0,0,0,1,0,0,0,0,0,0,0,0,0,1,0,0,0,0,0,0,True,2
9.99,Hotline Miami,1,0,0,0,0,0,0,0,0,1,0,0,0,0,0,0,0,0,0,0,0,True,2
4.99,Guns of Icarus Online,1,1,0,0,0,0,0,0,0,1,0,0,0,0,1,0,0,0,0,0,0,True,2
59.99,Call of Duty®: Black Ops II,1,0,0,0,0,0,0,0,0,0,0,0,0,0,0,0,0,0,0,0,0,True,2
29.99,Resident Evil 6 / Biohazard 6,1,1,0,0,0,0,0,0,0,0,0,0,0,0,0,0,0,0,0,0,0,True,1
9.99,Surgeon Simulator,1,0,0,0,0,0,0,0,0,1,0,0,0,0,1,0,0,0,0,0,0,True,2
14.99,Sanctum 2,1,0,0,0,0,0,0,0,0,1,0,0,0,0,0,0,0,1,0,0,0,True,2
9.99,Reus,0,0,0,0,0,0,0,0,0,1,0,0,0,0,1,0,0,1,0,0,0,True,1
2.99,Cranky Cat,0,0,0,0,1,0,0,0,0,0,0,0,0,0,0,0,0,0,0,0,0,True,2
0.0,Soldier Front 2,1,0,0,0,0,0,0,0,1,0,0,0,0,0,0,0,0,0,0,0,0,True,2
24.99,LOST PLANET® 3,1,0,0,0,0,0,0,0,0,0,0,0,0,0,0,0,0,0,0,0,0,True,2
9.99,Game Dev Tycoon,0,0,0,0,1,0,0,0,0,1,0,0,0,0,1,0,0,1,0,0,0,True,0
19.99,Scribblenauts Unmasked: A DC Comics Adventure,1,1,0,0,1,0,0,0,0,0,0,0,0,0,0,0,0,1,0,0,0,True,2
19.99,Farming Simulator 2013 Titanium Edition,0,0,0,0,1,0,0,0,0,0,0,0,0,0,1,0,0,0,0,0,0,True,2
9.99,Contagion,1,1,0,0,0,0,0,0,0,1,0,0,0,0,0,0,0,0,0,0,0,True,0
0.0,Neverwinter,1,1,0,0,0,0,0,0,1,0,1,0,1,0,0,0,0,0,0,0,0,True,2
9.99,Insurgency,1,0,0,0,0,0,0,0,0,1,0,0,0,0,0,0,0,1,0,0,0,True,2
9.99,Scania Truck Driving Simulator,0,0,0,0,0,0,0,0,0,1,0,0,0,0,1,0,0,0,0,0,0,True,2
5.99,Coma: Mortuary,0,1,0,0,0,0,0,0,0,1,0,0,0,0,0,0,0,0,0,0,0,True,2
0.0,Toribash,1,0,0,0,0,0,0,0,1,1,0,0,0,0,0,0,0,1,0,0,0,True,0
4.99,Nether: Resurrected,1,0,0,0,0,0,0,0,0,1,1,0,1,0,1,0,0,0,0,0,0,False,2
0.99,Reversion - The Escape (1st Chapter),0,1,0,0,0,0,0,0,0,1,0,0,0,0,0,0,0,0,0,0,0,True,2
0.0,Warface,1,0,0,0,0,0,0,0,1,0,1,0,0,0,0,0,0,0,0,0,0,True,2
9.99,Magic 2015 - Duels of the Planeswalkers,0,0,0,0,0,0,0,0,0,0,0,0,0,0,0,0,0,1,0,0,0,True,2
19.99,The Journey Down: Chapter Two,0,1,0,0,0,0,0,0,0,1,0,0,0,0,0,0,0,0,0,0,0,True,1
0.0,My Lands: Black Gem Hunting,0,0,0,0,1,0,0,0,1,1,1,0,0,0,0,0,0,1,0,0,0,True,2
0.0,BLOCKADE 3D,1,0,0,0,0,0,1,0,1,0,0,0,0,0,0,0,0,0,0,0,0,True,1
0.0,Freestyle 2: Street Basketball,1,0,0,0,1,0,0,0,1,0,1,0,0,0,0,0,1,0,0,0,0,True,2
19.99,Rocket League®,1,0,0,0,0,0,0,0,0,1,0,0,0,1,0,0,1,0,0,0,0,True,2
0.0,Card Hunter,0,0,0,0,0,0,0,0,1,0,0,0,1,0,0,0,0,1,0,0,0,True,2
24.99,Train Simulator,0,0,0,0,0,0,0,0,0,0,0,0,0,0,1,0,0,0,0,0,0,False,0
29.99,Prison Architect,0,0,0,0,0,0,0,0,0,1,0,0,0,0,1,0,0,1,0,0,0,True,1
1.99,Defy Gravity Extended,1,0,0,0,1,0,0,0,0,1,0,0,0,0,0,0,0,0,0,0,0,True,2
0.0,The Way of Life Free Edition,0,0,0,0,0,0,0,0,1,1,0,0,0,0,0,0,0,0,0,0,0,True,2
0.0,Heroes &amp; Generals,1,0,0,0,0,0,0,0,1,1,1,0,0,0,0,0,0,0,0,0,0,True,2
0.0,Dungeon Defenders II,1,0,0,0,0,0,0,0,1,1,0,0,1,0,0,0,0,1,0,0,0,False,0
0.0,Robocraft,1,0,0,0,0,0,0,0,1,1,1,0,1,0,1,0,0,0,0,0,0,True,2
0.0,Unturned,1,1,0,0,1,0,0,0,1,1,0,0,0,0,0,0,0,0,0,0,0,True,1
0.0,Red Crucible®: Firestorm,1,0,0,0,1,0,0,0,1,1,0,0,0,0,1,0,0,0,0,0,0,True,2
9.99,Mini Metro,0,0,0,0,0,0,0,0,0,1,0,0,0,0,1,0,0,1,0,0,0,True,2
9.99,Fallout: A Post Nuclear Role Playing Game,0,0,0,0,0,0,0,0,0,0,0,0,1,0,0,0,0,0,0,0,0,True,1
0.0,Trove,1,1,0,0,1,0,0,0,1,0,1,0,1,0,0,0,0,0,0,0,0,True,2
0.0,Dirty Bomb®,1,0,0,0,0,0,0,0,1,0,0,0,0,0,0,0,0,0,0,0,0,True,2
0.0,Narcissu 1st &amp; 2nd,0,0,0,0,0,0,0,0,0,1,0,0,0,0,0,0,0,0,0,0,0,True,2
39.99,Kerbal Space Program,0,0,0,0,0,0,0,0,0,1,0,0,0,0,1,0,0,0,0,0,0,True,2
6.99,ShellShock Live,1,0,0,0,1,0,1,0,0,1,1,0,0,0,0,0,0,1,0,0,0,True,2
14.99,Heroes® of Might &amp; Magic® III - HD Edition,0,0,0,0,0,0,0,0,0,0,0,0,1,0,0,0,0,1,0,0,0,True,2
14.99,Retro City Rampage™ DX,1,1,0,0,0,0,0,0,0,1,0,0,0,1,0,0,0,0,0,0,0,True,2
9.99,Quake Live™,1,0,0,0,0,0,0,0,0,0,0,0,0,0,0,0,0,0,0,0,0,True,2
0.0,Infinity Wars: Animated Trading Card Game,0,0,0,0,0,0,0,0,1,1,1,0,0,0,0,0,0,1,0,0,0,True,1
4.99,Five Nights at Freddy's,0,0,0,0,0,0,0,0,0,1,0,0,0,0,1,0,0,0,0,0,0,True,2
0.0,Only If,0,1,0,0,0,0,0,0,1,1,0,0,0,0,0,0,0,0,0,0,0,True,2
0.0,Aura Kingdom,0,1,0,0,1,0,0,0,1,0,1,0,1,0,0,0,0,0,0,0,0,True,2
0.0,Defiance,1,0,0,0,0,0,0,0,1,0,1,0,1,0,0,0,0,0,0,0,0,True,2
0.0,World of Guns: Gun Disassembly,0,0,0,0,0,0,0,0,1,1,0,0,0,0,1,0,0,0,0,0,0,True,0
0.0,GunZ 2: The Second Duel,1,0,0,0,0,0,0,0,1,1,0,0,0,0,0,0,0,0,0,0,0,True,1
0.0,ArcheBlade™,1,0,0,0,0,0,0,0,1,1,0,0,0,0,0,0,0,0,0,0,0,True,0
0.0,Thinking with Time Machine,1,1,0,0,0,0,0,0,1,1,0,0,0,0,0,0,0,0,0,0,0,True,2
9.99,Goat Simulator,0,0,0,0,1,0,0,0,0,1,0,0,0,0,1,0,0,0,0,0,0,True,2
1.99,Real Horror Stories Ultimate Edition,0,0,0,0,0,0,0,0,0,1,0,0,0,0,0,0,0,0,0,0,0,True,2
59.99,Call of Duty®: Ghosts,1,0,0,0,0,0,0,0,0,0,0,0,0,0,0,0,0,0,0,0,0,True,2
29.99,South Park™: The Stick of Truth™,1,1,0,0,0,0,0,0,0,0,0,0,1,0,0,0,0,0,0,0,0,True,2
19.99,The LEGO® Movie - Videogame,1,1,0,0,0,0,0,0,0,0,0,0,0,0,0,0,0,0,0,0,0,True,2
0.0,Loadout,1,0,0,0,0,0,0,0,1,1,0,0,0,0,0,0,0,0,0,0,0,True,2
3.99,Grimm,0,0,0,0,1,0,0,0,0,1,0,0,0,0,0,0,0,0,0,0,0,True,2
34.99,DayZ,1,0,0,0,0,0,1,0,0,1,1,0,0,0,0,0,0,0,0,0,0,True,2
19.99,Rust,1,1,0,0,0,0,1,0,0,1,1,0,1,0,0,0,0,0,0,0,0,True,2
0.0,Dungeonland,1,0,0,0,1,0,0,0,1,0,0,0,0,0,0,0,0,0,0,0,0,True,2
0.0,No More Room in Hell,1,0,0,0,0,0,0,0,1,1,0,0,0,0,0,0,0,0,0,0,0,True,2
5.99,Stronghold HD,0,0,0,0,0,0,0,0,0,0,0,0,0,0,1,0,0,1,0,0,0,True,2
19.99,LEGO® Marvel™ Super Heroes,1,1,0,0,0,0,0,0,0,0,0,0,0,0,0,0,0,0,0,0,0,True,2
19.99,Batman™: Arkham Origins,1,1,0,0,0,0,0,0,0,0,0,0,0,0,0,0,0,0,0,0,0,True,0
39.99,Arma 3,1,0,0,0,0,0,0,0,0,0,0,0,0,0,1,0,0,1,0,0,0,True,0
9.99,Huntsman: The Orphanage (Halloween Edition),1,1,0,0,0,0,0,0,0,1,0,0,0,0,0,0,0,0,0,0,0,True,1
59.95,Total War™: ROME II - Emperor Edition,0,0,0,0,0,0,0,0,0,0,0,0,0,0,0,0,0,1,0,0,0,True,2
14.99,Saints Row IV,1,1,0,0,0,0,0,0,0,0,0,0,0,0,0,0,0,0,0,0,0,True,1
9.99,"Papers, Please",0,1,0,0,0,0,0,0,0,1,0,0,0,0,0,0,0,0,0,0,0,True,2
14.99,Dust: An Elysian Tail,1,1,0,0,0,0,0,0,0,1,0,0,1,0,0,0,0,0,0,0,0,True,2
9.99,Gunpoint,1,0,0,0,0,0,0,0,0,1,0,0,0,0,0,0,0,1,0,0,0,True,2
0.0,Ragnarok Online 2,0,0,0,0,0,0,0,0,1,0,1,0,1,0,0,0,0,0,0,0,0,True,2
14.99,Monaco: What's Yours Is Mine,1,1,0,0,1,0,0,0,0,1,0,0,0,0,0,0,0,1,0,0,0,True,2
0.0,Cry of Fear,1,1,0,0,0,0,0,0,0,1,0,0,0,0,0,0,0,0,0,0,0,True,0
0.99,ORION: Prelude,1,1,0,0,0,0,0,0,0,1,0,0,1,0,0,0,0,0,0,0,0,True,2
0.0,Warframe,1,0,0,0,0,0,0,0,1,0,0,0,0,0,0,0,0,0,0,0,0,True,2
19.99,TrackMania² Canyon,0,0,0,0,0,0,0,0,0,0,0,0,0,1,0,0,1,0,0,0,0,False,0
0.0,Star Conflict,1,0,0,0,0,0,0,0,1,0,1,0,0,0,1,0,0,0,0,0,0,True,0
0.0,Champions of Regnum,0,0,0,0,0,0,0,0,1,1,1,0,1,0,0,0,0,0,0,0,0,True,2
9.99,The Showdown Effect,1,0,0,0,0,0,0,0,0,0,0,0,0,0,0,0,0,0,0,0,0,True,2
160.91,RaceRoom Racing Experience,0,0,0,0,0,0,0,0,1,0,0,0,0,1,1,0,1,0,0,0,0,False,2
19.99,Euro Truck Simulator 2,0,0,0,0,0,0,0,0,0,1,0,0,0,0,1,0,0,0,0,0,0,True,2
0.0,Dragon Nest,1,0,0,0,0,0,0,0,1,0,1,0,1,0,0,0,0,0,0,0,0,True,1
14.99,Ace of Spades: Battle Builder,1,0,0,0,0,0,0,0,0,1,0,0,0,0,0,0,0,0,0,0,0,True,1
2.99,Dead Pixels,1,0,0,0,0,0,0,0,0,1,0,0,1,0,0,0,0,0,0,0,0,True,1
19.99,Far Cry 3,1,1,0,0,0,0,0,0,0,0,0,0,0,0,0,0,0,0,0,0,0,True,0
2.99,Super Hexagon,1,0,0,0,0,0,0,0,0,1,0,0,0,0,0,0,0,0,0,0,0,True,2
9.99,Little Inferno,0,1,0,0,1,0,0,0,0,1,0,0,0,0,0,0,0,0,0,0,0,True,2
19.99,Scribblenauts Unlimited,0,1,0,0,1,0,0,0,0,0,0,0,0,0,0,0,0,1,0,0,0,True,2
19.99,Hitman: Absolution™,1,0,0,0,0,0,0,0,0,0,0,0,0,0,0,0,0,0,0,0,0,True,1
0.0,PlanetSide 2,1,0,0,0,0,0,0,0,1,0,1,0,0,0,0,0,0,0,0,0,0,True,2
19.99,Assassin’s Creed® III,0,1,0,0,0,0,0,0,0,0,0,0,0,0,0,0,0,0,0,0,0,True,1
9.99,Natural Selection 2,1,0,0,0,0,0,0,0,0,1,0,0,0,0,0,0,0,1,0,0,0,True,0
9.99,Pid,0,1,0,0,0,0,0,0,0,1,0,0,0,0,0,0,0,0,0,0,0,True,1
9.99,Lucius,1,1,0,0,0,0,0,0,0,1,0,0,0,0,0,0,0,0,0,0,0,False,1
0.0,Dwarfs - F2P,0,0,0,0,1,0,0,0,1,1,0,0,0,0,0,0,0,1,0,0,0,True,2
24.99,Chivalry: Medieval Warfare,1,0,0,0,0,0,0,0,0,1,0,0,0,0,0,0,0,0,0,0,0,True,2
14.99,Worms Revolution,0,0,0,0,0,0,0,0,0,0,0,0,0,0,0,0,0,1,0,0,0,True,2
14.99,R.A.W. Realms of Ancient War,1,0,0,0,0,0,0,0,0,0,0,0,1,0,0,0,0,0,0,0,0,True,2
9.99,Dishonored,1,1,0,0,0,0,0,0,0,0,0,0,0,0,0,0,0,0,0,0,0,True,2
14.99,Castle Crashers®,1,1,0,0,1,0,0,0,0,1,0,0,1,0,0,0,0,0,0,0,0,True,2
19.99,Torchlight II,1,1,0,0,0,0,0,0,0,1,0,0,1,0,0,0,0,0,0,0,0,False,1
29.99,XCOM: Enemy Unknown,0,0,0,0,0,0,0,0,0,0,0,0,0,0,0,0,0,1,0,0,0,True,2
9.99,FTL: Faster Than Light,0,0,0,0,0,0,0,0,0,1,0,0,0,0,1,0,0,1,0,0,0,True,2
19.99,Borderlands 2,1,0,0,0,0,0,0,0,0,0,0,0,1,0,0,0,0,0,0,0,0,True,2
19.99,F1 2012™,0,0,0,0,0,0,0,0,0,0,0,0,0,1,1,0,1,0,0,0,0,False,2
3.99,The Basement Collection,0,1,0,0,0,0,0,0,0,1,0,0,0,0,0,0,0,1,0,0,0,True,1
0.0,Super Crate Box,1,0,0,0,0,0,0,0,1,1,0,0,0,0,0,0,0,0,0,0,0,True,2
0.0,Gotham City Impostors Free to Play,1,0,0,0,0,0,0,0,1,0,0,0,0,0,0,0,0,0,0,0,0,True,2
4.99,English Country Tune,0,0,0,0,1,0,0,0,0,1,0,0,0,0,0,0,0,0,0,0,0,True,1
0.0,MapleStory,0,0,0,0,1,0,0,0,1,0,1,0,1,0,0,0,0,0,0,0,0,True,2
0.0,Awesomenauts - the 2D moba,1,0,0,0,0,0,0,0,1,1,0,0,0,0,0,0,0,1,0,0,0,True,2
14.99,Orcs Must Die! 2,1,0,0,0,0,0,0,0,0,1,0,0,0,0,0,0,0,1,0,0,0,True,2
0.0,Blacklight: Retribution,1,0,0,0,0,0,0,0,1,0,0,0,0,0,0,0,0,0,0,0,0,True,1
9.99,Tiny and Big: Grandpa's Leftovers,0,0,0,0,0,0,0,0,0,1,0,0,0,0,0,0,0,0,0,0,0,True,0
29.99,Spec Ops: The Line,1,1,0,0,0,0,0,0,0,0,0,0,0,0,0,0,0,0,0,0,0,True,2
9.99,Alan Wake's American Nightmare,1,1,0,0,0,0,0,0,0,0,0,0,0,0,0,0,0,0,0,0,0,True,1
24.99,The Walking Dead,0,1,0,0,0,0,0,0,0,0,0,0,0,0,0,0,0,0,0,0,0,True,2
9.99,Fireburst,1,1,0,0,0,0,0,0,0,0,0,0,0,1,0,0,0,0,0,0,0,True,2
24.99,Warlock - Master of the Arcane,0,0,0,0,0,0,0,0,0,0,0,0,0,0,0,0,0,1,0,0,0,True,2
19.99,The Witcher 2: Assassins of Kings Enhanced Edition,0,0,0,0,0,0,0,0,0,0,0,0,1,0,0,0,0,0,0,0,0,True,2
0.0,Super MNC,1,0,0,0,0,0,0,0,1,1,0,0,0,0,0,0,1,1,0,0,0,True,2
19.99,Sniper Elite V2,1,0,0,0,0,0,0,0,0,0,0,0,0,0,0,0,0,0,0,0,0,False,0
0.0,Fallen Earth Free2Play,0,0,0,0,0,0,0,0,1,0,1,0,1,0,0,0,0,0,0,0,0,True,2
4.99,Really Big Sky,1,0,0,0,0,0,0,0,0,1,0,0,0,0,0,0,0,0,0,0,0,True,1
0.0,Stronghold Kingdoms,0,0,0,0,0,0,0,0,1,0,1,0,0,0,0,0,0,1,0,0,0,True,2
9.99,Shank 2,1,1,0,0,0,0,0,0,0,1,0,0,0,0,0,0,0,0,0,0,0,True,2
9.99,Blackwell Deception,0,1,0,0,0,0,0,0,0,1,0,0,0,0,0,0,0,0,0,0,0,True,0
29.99,The Darkness II,1,0,0,0,0,0,0,0,0,0,0,0,0,0,0,0,0,0,0,0,0,True,2
39.99,Age of Empires® III: Complete Collection,0,0,0,0,0,0,0,0,0,0,0,0,0,0,1,0,0,1,0,0,0,True,1
9.99,Saints Row: The Third,1,0,0,0,0,0,0,0,0,0,0,0,0,0,0,0,0,0,0,0,0,False,0
14.99,Dungeon Defenders,1,0,0,0,0,0,0,0,0,1,0,0,1,0,0,0,0,1,0,0,0,True,2
14.99,PAYDAY™ The Heist,1,0,0,0,0,0,0,0,0,0,0,0,0,0,0,0,0,0,0,0,0,False,2
9.99,Orcs Must Die!,1,0,0,0,0,0,0,0,0,1,0,0,0,0,0,0,0,1,0,0,0,True,2
9.99,Nuclear Dawn,1,0,0,0,0,0,0,0,0,0,0,0,0,0,0,0,0,1,0,0,0,True,2
14.99,Bastion,1,0,0,0,0,0,0,0,0,1,0,0,1,0,0,0,0,0,0,0,0,True,2
9.99,E.Y.E: Divine Cybermancy,1,0,0,0,0,0,0,0,0,1,0,0,1,0,0,0,0,0,0,0,0,True,2
9.99,LIMBO,0,1,0,0,0,0,0,0,0,1,0,0,0,0,0,0,0,0,0,0,0,True,1
9.99,Gatling Gears,1,1,0,0,0,0,0,0,0,1,0,0,0,0,0,0,0,0,0,0,0,True,2
9.99,Operation Flashpoint: Red River,1,0,0,0,0,0,0,0,0,0,0,0,0,0,0,0,0,1,0,0,0,True,2
19.99,Red Faction®: Armageddon™,1,0,0,0,0,0,0,0,0,0,0,0,0,0,0,0,0,0,0,0,0,True,1
9.99,Mount &amp; Blade: With Fire &amp; Sword,1,0,0,0,0,0,0,0,0,0,0,0,1,0,0,0,0,0,0,0,0,True,2
1.99,BEEP,0,1,0,0,0,0,0,0,0,1,0,0,0,0,0,0,0,0,0,0,0,True,2
5.99,Lume,0,1,0,0,1,0,0,0,0,1,0,0,0,0,0,0,0,0,0,0,0,True,2
9.99,Terraria,1,1,0,0,0,0,0,0,0,1,0,0,1,0,0,0,0,0,0,0,0,True,1
0.0,BRINK,1,0,0,0,0,0,0,0,1,0,0,0,0,0,0,0,0,0,0,0,0,True,2
4.99,DETOUR,0,0,0,0,0,0,0,0,0,1,0,0,0,0,0,0,0,1,0,0,0,True,2
2.99,Naval Warfare,1,0,0,0,0,0,0,0,0,1,0,0,0,0,0,0,0,0,0,0,0,True,1
9.99,SpaceChem,0,0,0,0,0,0,0,0,0,1,0,0,0,0,1,0,0,0,0,0,0,True,2
7.99,SEGA Bass Fishing,0,0,0,0,0,0,0,0,0,0,0,0,0,0,1,0,1,0,0,0,0,True,2
19.99,Assassin’s Creed® Brotherhood,1,1,0,0,0,0,0,0,0,0,0,0,0,0,0,0,0,0,0,0,0,True,2
4.99,Painkiller Redemption,1,0,0,0,0,0,0,0,0,0,0,0,0,0,0,0,0,0,0,0,0,False,0
9.99,Magicka,1,0,0,0,0,0,0,0,0,0,0,0,1,0,0,0,0,0,0,0,0,True,2
9.99,Swords and Soldiers HD,1,0,0,0,1,0,0,0,0,1,0,0,0,0,0,0,0,1,0,0,0,True,2
4.99,RUSH,0,0,0,0,1,0,0,0,0,1,0,0,0,0,0,0,0,1,0,0,0,True,1
19.99,Need For Speed: Hot Pursuit,0,0,0,0,0,0,0,0,0,0,0,0,0,1,0,0,0,0,0,0,0,True,2
0.0,EVE Online,1,0,0,0,0,0,0,0,1,0,1,0,1,0,0,0,0,1,0,0,0,True,0
19.99,MX vs. ATV Reflex,0,0,0,0,0,0,0,0,0,0,0,0,0,1,0,0,0,0,0,0,0,True,2
4.99,nail'd,0,0,0,0,0,0,0,0,0,0,0,0,0,1,0,0,0,0,0,0,0,True,1
2.99,DogFighter,1,0,0,0,0,0,0,0,0,1,0,0,0,0,0,0,0,0,0,0,0,False,0
7.99,Sniper: Ghost Warrior,1,0,0,0,0,0,0,0,0,0,0,0,0,0,0,0,0,0,0,0,0,True,1
9.99,Day of Defeat: Source,1,0,0,0,0,0,0,0,0,0,0,0,0,0,0,0,0,0,0,0,0,True,2
19.99,Arma 2: Operation Arrowhead,1,0,0,0,0,0,0,0,0,0,0,0,0,0,1,0,0,1,0,0,0,True,2
19.99,Napoleon: Total War™,0,0,0,0,0,0,0,0,0,0,0,0,0,0,0,0,0,1,0,0,0,True,2
19.99,Battlefield: Bad Company™ 2,1,0,0,0,0,0,0,0,0,0,0,0,0,0,0,0,0,0,0,0,0,True,1
12.99,Supreme Commander 2,0,0,0,0,0,0,0,0,0,0,0,0,0,0,0,0,0,1,0,0,0,True,1
9.99,Sonic &amp; SEGA All-Stars Racing,0,0,0,0,0,0,0,0,0,0,0,0,0,1,0,0,0,0,0,0,0,True,0
9.99,Silent Hunter 5®: Battle of the Atlantic,0,0,0,0,0,0,0,0,0,0,0,0,0,0,1,0,0,0,0,0,0,False,0
19.99,Assassin's Creed 2 Deluxe Edition,1,1,0,0,0,0,0,0,0,0,0,0,0,0,0,0,0,0,0,0,0,True,2
14.99,Just Cause 2,1,1,0,0,0,0,0,0,0,0,0,0,0,0,0,0,0,0,0,0,0,True,2
19.99,"Warhammer® 40,000: Dawn of War® II Chaos Rising",0,0,0,0,0,0,0,0,0,0,0,0,0,0,0,0,0,1,0,0,0,True,2
9.99,My Tribe,0,0,0,0,1,0,0,0,0,0,0,0,0,0,1,0,0,0,0,0,0,True,0
4.99,Booster Trooper,1,0,0,0,0,0,0,0,0,1,0,0,0,0,0,0,0,0,0,0,0,True,2
19.99,Mass Effect 2,0,0,0,0,0,0,0,0,0,0,0,0,1,0,0,0,0,0,0,0,0,True,1
4.99,Secret of the Magic Crystals,0,0,0,0,1,0,0,0,0,1,0,0,0,0,0,0,0,0,0,0,0,False,1
14.99,Aliens vs. Predator™,1,0,0,0,0,0,0,0,0,0,0,0,0,0,0,0,0,0,0,0,0,True,2
19.99,Left 4 Dead 2,1,0,0,0,0,0,0,0,0,0,0,0,0,0,0,0,0,0,0,0,0,True,2
9.99,AI War: Fleet Command,0,0,0,0,0,0,0,0,0,1,0,0,0,0,0,0,0,1,0,0,0,True,2
9.99,Metal Drift,1,0,0,0,0,0,0,0,0,1,0,0,0,1,0,0,1,0,0,0,0,True,1
19.99,Borderlands,1,0,0,0,0,0,0,0,0,0,0,0,1,0,0,0,0,0,0,0,0,True,2
9.99,Operation Flashpoint: Dragon Rising,1,0,0,0,0,0,0,0,0,0,0,0,0,0,0,0,0,0,0,0,0,True,2
9.99,Tropico 3,0,0,0,0,0,0,0,0,0,0,0,0,0,0,1,0,0,1,0,0,0,True,2
19.99,Red Faction Guerrilla Steam Edition,1,0,0,0,0,0,0,0,0,0,0,0,0,0,0,0,0,0,0,0,0,True,2
19.99,Resident Evil™ 5/ Biohazard 5®,1,1,0,0,0,0,0,0,0,0,0,0,0,0,0,0,0,0,0,0,0,True,2
2.99,STAR WARS™ Jedi Knight - Mysteries of the Sith™,1,0,0,0,0,0,0,0,0,0,0,0,0,0,0,0,0,0,0,0,0,True,2
9.99,STAR WARS™ Jedi Knight - Jedi Academy™,1,0,0,0,0,0,0,0,0,0,0,0,0,0,0,0,0,0,0,0,0,True,2
9.99,MDK,1,0,0,0,0,0,0,0,0,0,0,0,0,0,0,0,0,0,0,0,0,False,2
1.99,Nation Red,1,0,0,0,0,0,0,0,0,1,0,0,0,0,0,0,0,0,0,0,0,True,0
19.99,Batman: Arkham Asylum Game of the Year Edition,1,1,0,0,0,0,0,0,0,0,0,0,0,0,0,0,0,0,0,0,0,True,2
7.99,Sniper Elite,1,0,0,0,0,0,0,0,0,0,0,0,0,0,0,0,0,0,0,0,0,True,2
0.99,Bad Rats: the Rats' Revenge,0,0,0,0,0,0,0,0,0,1,0,0,0,0,0,0,0,0,0,0,0,True,2
9.99,STAR WARS™ Republic Commando™,1,0,0,0,0,0,0,0,0,0,0,0,0,0,0,0,0,0,0,0,0,False,0
12.99,Arma 2,1,0,0,0,0,0,0,0,0,0,0,0,0,0,1,0,0,1,0,0,0,True,2
14.99,Trine Enchanted Edition,1,1,0,0,0,0,0,0,0,1,0,0,0,0,0,0,0,0,0,0,0,True,2
9.99,Overlord II,0,0,0,0,0,0,0,0,0,0,0,0,1,0,0,0,0,0,0,0,0,True,2
4.99,Chains,0,0,0,0,0,0,0,0,0,1,0,0,0,0,0,0,0,0,0,0,0,True,2
19.99,Killing Floor,1,0,0,0,0,0,0,0,0,0,0,0,0,0,0,0,0,0,0,0,0,True,2
9.99,Damnation,1,1,0,0,0,0,0,0,0,0,0,0,0,0,0,0,0,0,0,0,0,True,1
4.99,Zombie Shooter,1,0,0,0,0,0,0,0,0,1,0,0,1,0,0,0,0,0,0,0,0,True,2
4.99,Velvet Assassin,1,0,0,0,0,0,0,0,0,0,0,0,0,0,0,0,0,0,0,0,0,True,2
4.99,Plants vs. Zombies GOTY Edition,0,0,0,0,0,0,0,0,0,0,0,0,0,0,0,0,0,1,0,0,0,True,2
4.99,Flock!,0,0,0,0,1,0,0,0,0,0,0,0,0,0,0,0,0,1,0,0,0,False,0
14.99,Braid,0,0,0,0,1,0,0,0,0,1,0,0,0,0,0,0,0,1,0,0,0,True,1
1.99,Caster,1,1,0,0,1,0,0,0,0,1,0,0,1,0,0,0,0,1,0,0,0,True,1
4.99,Hospital Tycoon,0,0,0,0,0,0,0,0,0,0,0,0,0,0,1,0,0,0,0,0,0,True,2
19.99,"Warhammer 40,000: Dawn of War II",0,0,0,0,0,0,0,0,0,0,0,0,0,0,0,0,0,1,0,0,0,True,2
19.99,Empire: Total War™,0,0,0,0,0,0,0,0,0,0,0,0,0,0,0,0,0,1,0,0,0,True,2
9.99,The Last Remnant™,0,0,0,0,0,0,0,0,0,0,0,0,1,0,0,0,0,0,0,0,0,True,0
9.99,Penumbra: Black Plague Gold Edition,1,1,0,0,0,0,0,0,0,1,0,0,0,0,0,0,0,0,0,0,0,True,2
9.99,Fallout 3,0,0,0,0,0,0,0,0,0,0,0,0,1,0,0,0,0,0,0,0,0,True,0
14.99,Exodus from the Earth,1,0,0,0,0,0,0,0,0,0,0,0,0,0,0,0,0,0,0,0,0,True,2
9.99,Mount &amp; Blade,0,0,0,0,0,0,0,0,0,1,0,0,1,0,0,0,0,0,0,0,0,True,1
19.99,Left 4 Dead,1,0,0,0,0,0,0,0,0,0,0,0,0,0,0,0,0,0,0,0,0,True,2
19.99,Call of Duty: World at War,1,0,0,0,0,0,0,0,0,0,0,0,0,0,0,0,0,0,0,0,0,True,2
8.99,Tomb Raider: Underworld,1,1,0,0,0,0,0,0,0,0,0,0,0,0,0,0,0,0,0,0,0,True,2
9.99,Prince of Persia: Warrior Within™,1,1,0,0,0,0,0,0,0,0,0,0,0,0,0,0,0,0,0,0,0,True,2
9.99,Need for Speed Undercover,1,0,0,0,0,0,0,0,0,0,0,0,0,1,0,0,0,0,0,0,0,True,2
19.99,Mass Effect,1,0,0,0,0,0,0,0,0,0,0,0,1,0,0,0,0,0,0,0,0,True,2
19.99,SPORE™ Creepy &amp; Cute Parts Pack,0,0,0,0,0,0,0,0,0,0,0,0,0,0,1,0,0,0,0,0,0,True,2
19.99,SPORE™,0,0,0,0,0,0,0,0,0,0,0,0,0,0,1,0,0,0,0,0,0,False,2
39.99,RACE 07: Andy Priaulx Crowne Plaza Raceway (Free DLC),0,0,0,0,0,0,0,0,0,0,0,0,0,1,0,0,0,0,0,0,0,True,2
1.99,Insecticide Part 1,1,1,0,0,0,0,0,0,0,0,0,0,0,0,0,0,0,0,0,0,0,True,2
9.99,Sacred Gold,1,0,0,0,0,0,0,0,0,0,0,0,1,0,0,0,0,0,0,0,0,True,0
9.99,The Settlers®: Heritage of Kings,0,0,0,0,0,0,0,0,0,0,0,0,0,0,0,0,0,1,0,0,0,True,2
19.99,Assassin's Creed™: Director's Cut Edition,1,1,0,0,0,0,0,0,0,0,0,0,0,0,0,0,0,0,0,0,0,True,2
9.99,Tom Clancy's Rainbow Six® Vegas 2,1,0,0,0,0,0,0,0,0,0,0,0,0,0,0,0,0,0,0,0,0,False,2
29.99,Trackmania United Forever Star Edition,0,0,0,0,0,0,0,0,0,0,0,0,0,1,0,0,0,0,0,0,0,True,2
9.99,Portal,1,0,0,0,0,0,0,0,0,0,0,0,0,0,0,0,0,0,0,0,0,True,1
9.99,Plant Tycoon,0,0,0,0,1,0,0,0,0,0,0,0,0,0,1,0,0,0,0,0,0,True,2
9.99,Cold Fear™,1,0,0,0,0,0,0,0,0,0,0,0,0,0,0,0,0,0,0,0,0,True,1
9.99,Heroes of Might &amp; Magic V,0,0,0,0,0,0,0,0,0,0,0,0,0,0,0,0,0,1,0,0,0,True,2
7.99,"Precipice of Darkness, Episode One",0,1,0,0,0,0,0,0,0,0,0,0,1,0,0,0,0,0,0,0,0,True,0
9.99,Darkstar One,1,0,0,0,0,0,0,0,0,0,0,0,0,0,0,0,0,0,0,0,0,False,2
9.99,Shadowgrounds Survivor,1,0,0,0,0,0,0,0,0,0,0,0,0,0,0,0,0,0,0,0,0,True,2
19.99,Frontlines™: Fuel of War™,1,0,0,0,0,0,0,0,0,0,0,0,0,0,0,0,0,0,0,0,0,True,2
12.99,"Warhammer® 40,000: Dawn of War® - Soulstorm",0,0,0,0,0,0,0,0,0,0,0,0,0,0,0,0,0,1,0,0,0,True,2
3.99,RACE 07,0,0,0,0,0,0,0,0,0,0,0,0,0,1,0,0,0,0,0,0,0,True,2
9.99,Nexus - The Jupiter Incident,0,0,0,0,0,0,0,0,0,1,0,0,0,0,1,0,0,1,0,0,0,True,2
19.99,Company of Heroes - Legacy Edition,1,0,0,0,0,0,0,0,0,0,0,0,0,0,0,0,0,1,0,0,0,True,2
4.99,DOOM 3,1,0,0,0,0,0,0,0,0,0,0,0,0,0,0,0,0,0,0,0,0,False,1
14.99,Quake III Arena,1,0,0,0,0,0,0,0,0,0,0,0,0,0,0,0,0,0,0,0,0,True,2
4.99,Commander Keen,1,0,0,0,0,0,0,0,0,0,0,0,0,0,0,0,0,0,0,0,0,True,2
7.99,Half-Life 2: Episode Two,1,0,0,0,0,0,0,0,0,0,0,0,0,0,0,0,0,0,0,0,0,True,0
4.99,Alpha Prime,1,0,0,0,0,0,0,0,0,0,0,0,0,0,0,0,0,0,0,0,0,True,1
19.99,Call of Duty® 4: Modern Warfare®,1,0,0,0,0,0,0,0,0,0,0,0,0,0,0,0,0,0,0,0,0,True,2
6.99,Kane and Lynch: Dead Men™,1,0,0,0,0,0,0,0,0,0,0,0,0,0,0,0,0,0,0,0,0,True,0
3.99,Geometry Wars: Retro Evolved,0,0,0,0,1,0,0,0,0,0,0,0,0,0,0,0,0,0,0,0,0,True,2
4.99,Commandos 3: Destination Berlin,1,0,0,0,0,0,0,0,0,0,0,0,0,0,0,0,0,0,0,0,0,True,1
6.99,Just Cause,1,0,0,0,0,0,0,0,0,0,0,0,0,0,0,0,0,0,0,0,0,True,1
6.99,Hitman: Codename 47,1,0,0,0,0,0,0,0,0,0,0,0,0,0,0,0,0,0,0,0,0,True,2
6.99,Hitman 2: Silent Assassin,1,0,0,0,0,0,0,0,0,0,0,0,0,0,0,0,0,0,0,0,0,False,0
6.99,Battlestations: Midway,1,0,0,0,0,0,0,0,0,0,0,0,0,0,0,0,0,0,0,0,0,True,2
8.99,Hitman: Blood Money,1,0,0,0,0,0,0,0,0,0,0,0,0,0,0,0,0,0,0,0,0,True,0
19.99,Vampire: The Masquerade - Bloodlines,1,0,0,0,0,0,0,0,0,0,0,0,0,0,0,0,0,0,0,0,0,True,2
19.99,S.T.A.L.K.E.R.: Shadow of Chernobyl,1,0,0,0,0,0,0,0,0,0,0,0,1,0,0,0,0,0,0,0,0,True,2
9.99,Joint Task Force,1,0,0,0,0,0,0,0,0,0,0,0,0,0,0,0,0,1,0,0,0,True,2
8.99,Thief: Deadly Shadows,1,0,0,0,0,0,0,0,0,0,0,0,0,0,0,0,0,0,0,0,0,True,2
6.99,Deus Ex: Game of the Year Edition,1,0,0,0,0,0,0,0,0,0,0,0,0,0,0,0,0,0,0,0,0,False,2
6.99,Deus Ex: Invisible War,1,0,0,0,0,0,0,0,0,0,0,0,0,0,0,0,0,0,0,0,0,True,0
14.99,Jade Empire™: Special Edition,0,0,0,0,0,0,0,0,0,0,0,0,1,0,0,0,0,0,0,0,0,True,2
4.99,Peggle Deluxe,0,0,0,0,1,0,0,0,0,0,0,0,0,0,0,0,0,0,0,0,0,True,2
9.99,Silverfall,0,0,0,0,0,0,0,0,0,0,0,0,1,0,0,0,0,0,0,0,0,True,2
4.99,Making History: The Calm &amp; the Storm,1,0,0,0,0,0,0,0,0,0,0,0,0,0,0,0,0,1,0,0,0,False,2
9.99,"Runaway, A Road Adventure",0,1,0,0,0,0,0,0,0,0,0,0,0,0,0,0,0,0,0,0,0,True,2
19.99,Call of Duty®,1,0,0,0,0,0,0,0,0,0,0,0,0,0,0,0,0,0,0,0,0,True,2
9.99,Psychonauts,1,0,0,0,0,0,0,0,0,0,0,0,0,0,0,0,0,0,0,0,0,True,2
19.99,GUN™,1,0,0,0,0,0,0,0,0,0,0,0,0,0,0,0,0,0,0,0,0,True,1
19.99,Call of Duty® 2,1,0,0,0,0,0,0,0,0,0,0,0,0,0,0,0,0,0,0,0,0,True,2
14.99,Space Empires V,0,0,0,0,0,0,0,0,0,0,0,0,0,0,0,0,0,1,0,0,0,True,2
4.99,Sid Meier's Civilization® III Complete,0,0,0,0,0,0,0,0,0,0,0,0,0,0,0,0,0,1,0,0,0,True,2
19.99,Sid Meier's Civilization® IV,0,0,0,0,0,0,0,0,0,0,0,0,0,0,0,0,0,1,0,0,0,True,2
9.99,688(I) Hunter/Killer,0,0,0,0,0,0,0,0,0,0,0,0,0,0,0,0,0,1,0,0,0,True,2
9.99,BloodRayne 2,1,0,0,0,0,0,0,0,0,0,0,0,0,0,0,0,0,0,0,0,0,True,2
9.99,RoboBlitz,1,0,0,0,0,0,0,0,0,1,0,0,0,0,0,0,0,0,0,0,0,True,2
19.99,Medieval II: Total War™,0,0,0,0,0,0,0,0,0,0,0,0,0,0,0,0,0,1,0,0,0,True,2
14.99,Heroes of Annihilated Empires,0,0,0,0,0,0,0,0,0,0,0,0,0,0,0,0,0,1,0,0,0,True,2
19.99,Counter-Strike: Source,1,0,0,0,0,0,0,0,0,0,0,0,0,0,0,0,0,0,0,0,0,True,1
9.99,Half-Life: Source,1,0,0,0,0,0,0,0,0,0,0,0,0,0,0,0,0,0,0,0,0,True,2
4.99,Half-Life 2: Deathmatch,1,0,0,0,0,0,0,0,0,0,0,0,0,0,0,0,0,0,0,0,0,True,1
9.99,Sid Meier's Pirates!,0,0,0,0,0,0,0,0,0,0,0,0,1,0,0,0,0,0,0,0,0,True,2
9.99,Darwinia,0,0,0,0,0,0,0,0,0,1,0,0,0,0,0,0,0,1,0,0,0,True,2
9.99,Rag Doll Kung Fu,0,0,0,0,0,0,0,0,0,1,0,0,0,0,0,0,0,0,0,0,0,False,0
9.99,Red Orchestra: Ostfront 41-45,1,0,0,0,0,0,0,0,0,0,0,0,0,0,0,0,0,0,0,0,0,True,2
9.99,Space Empires IV Deluxe,0,0,0,0,0,0,0,0,0,0,0,0,0,0,0,0,0,1,0,0,0,True,2
14.99,Dangerous Waters,0,0,0,0,0,0,0,0,0,0,0,0,0,0,0,0,0,1,0,0,0,True,2
4.99,Earth 2160,0,0,0,0,0,0,0,0,0,0,0,0,0,0,0,0,0,1,0,0,0,True,2
6.99,Shadowgrounds,1,0,0,0,0,0,0,0,0,0,0,0,0,0,0,0,0,0,0,0,0,True,2
9.99,SiN Episodes: Emergence,1,0,0,0,0,0,0,0,0,0,0,0,0,0,0,0,0,0,0,0,0,True,1
9.99,X3: Reunion,0,0,0,0,0,0,0,0,0,0,0,0,0,0,0,0,0,1,0,0,0,True,2
4.99,X2: The Threat,0,0,0,0,0,0,0,0,0,0,0,0,0,0,0,0,0,1,0,0,0,True,2
4.99,Iron Warriors: T - 72 Tank Command,0,0,0,0,0,0,0,0,0,0,0,0,0,0,0,0,0,1,0,0,0,True,2
9.99,Uplink,0,0,0,0,0,0,0,0,0,1,0,0,0,0,0,0,0,1,0,0,0,True,2
4.99,Heavy Weapon Deluxe,0,0,0,0,1,0,0,0,0,0,0,0,0,0,0,0,0,0,0,0,0,True,2
4.99,Typer Shark! Deluxe,0,0,0,0,1,0,0,0,0,0,0,0,0,0,0,0,0,0,0,0,0,False,2
4.99,Pizza Frenzy Deluxe,0,0,0,0,1,0,0,0,0,0,0,0,0,0,0,0,0,0,0,0,0,True,2
4.99,Rocket Mania Deluxe,0,0,0,0,1,0,0,0,0,0,0,0,0,0,0,0,0,0,0,0,0,True,2
4.99,Feeding Frenzy 2 Deluxe,0,0,0,0,1,0,0,0,0,0,0,0,0,0,0,0,0,0,0,0,0,True,2
4.99,Zuma Deluxe,0,0,0,0,1,0,0,0,0,0,0,0,0,0,0,0,0,0,0,0,0,True,2
4.99,Chuzzle Deluxe,0,0,0,0,1,0,0,0,0,0,0,0,0,0,0,0,0,0,0,0,0,True,2
4.99,Bejeweled 2 Deluxe,0,0,0,0,1,0,0,0,0,0,0,0,0,0,0,0,0,0,0,0,0,True,2
9.99,Dark Messiah of Might &amp; Magic,1,0,0,0,0,0,0,0,0,0,0,0,1,0,0,0,0,0,0,0,0,True,2
4.99,Insaniquarium Deluxe,0,0,0,0,1,0,0,0,0,0,0,0,0,0,0,0,0,0,0,0,0,True,2
4.99,Team Fortress Classic,1,0,0,0,0,0,0,0,0,0,0,0,0,0,0,0,0,0,0,0,0,False,1
4.99,Half-Life: Opposing Force,1,0,0,0,0,0,0,0,0,0,0,0,0,0,0,0,0,0,0,0,0,False,0
4.99,Ricochet,1,0,0,0,0,0,0,0,0,0,0,0,0,0,0,0,0,0,0,0,0,True,2
9.99,Counter-Strike,1,0,0,0,0,0,0,0,0,0,0,0,0,0,0,0,0,0,0,0,0,True,2
4.99,Deathmatch Classic,1,0,0,0,0,0,0,0,0,0,0,0,0,0,0,0,0,0,0,0,0,True,2
4.99,Half-Life: Blue Shift,1,0,0,0,0,0,0,0,0,0,0,0,0,0,0,0,0,0,0,0,0,False,1
4.99,Day of Defeat,1,0,0,0,0,0,0,0,0,0,0,0,0,0,0,0,0,0,0,0,0,True,2
14.99,Unreal Tournament 2004: Editor's Choice Edition,1,0,0,0,0,0,0,0,0,0,0,0,0,0,0,0,0,0,0,0,0,True,2
